Cathleen,cbroggelli0@google.co.uk,Female,Gupakan
Andreas,agoslin1@storify.com,Male,Portela
Care,cgreenham2@paypal.com,Male,Maraial
Berky,bjoderli3@foxnews.com,Male,Qinggou
Tonie,thuntingford4@spiegel.de,Female,Jiujie
Susanna,sbartlam5@angelfire.com,Female,Saint-Augustin
Cheri,charragin6@newsvine.com,Female,Postupice
Wallas,wpawling7@ifeng.com,Male,Dobre Miasto
Denice,dgunny8@aboutads.info,Female,Rasony
Melania,mdaveridge9@mit.edu,Female,Hatton
Amanda,agollinga@aboutads.info,Female,Huangtang
Kenton,kcundb@quantcast.com,Male,Växjö
Sigfried,ssparksc@example.com,Male,Sicaya
Karly,kwooddissed@dedecms.com,Non-binary,Laï
Haven,hmccorriee@mail.ru,Male,Ikhtiman
Herc,hmarnesf@dailymotion.com,Male,Iniö
Alyosha,alantaffg@free.fr,Male,Veiros
Rosita,rpicopph@vinaora.com,Female,Yujin
Dione,dlamonbyi@blogs.com,Female,Cibingbin
Alessandro,awelbeckj@issuu.com,Male,Athlone
Fernanda,fbolderok@privacy.gov.au,Female,Pital
Leone,ldenkl@meetup.com,Female,Fusagasuga
Ellery,earonoffm@vinaora.com,Male,Niederwaldkirchen
Barby,braynesn@sina.com.cn,Female,La Jagua de Ibirico
Theo,tmccrorieo@slideshare.net,Genderfluid,Lubei
Birgit,bbenesp@yolasite.com,Female,San Miguel
Trueman,tpantoneq@trellian.com,Male,Tingping
Guss,goscroftr@flickr.com,Male,Chornukhy
Nathalie,nouldcotts@businessinsider.com,Female,Ribeira do Pombal
Cordy,ctrinket@addthis.com,Male,Prao
Emmy,emcclymontu@macromedia.com,Male,Winton
Simeon,snicolv@jiathis.com,Male,Springfield
Susannah,sofeenyw@google.de,Female,Daqian
Even,elarmouthx@globo.com,Male,Jiangxi
Jamil,jcorrisony@amazon.co.jp,Male,Tsimasham
Jobye,jbasterfieldz@comcast.net,Female,Ouro Preto
Bail,bpetherick10@cbc.ca,Male,Antaparco
Brendan,binggall11@redcross.org,Male,Pácora
Zarah,ztarn12@squarespace.com,Female,Natu
Bartholomeo,bvalenti13@purevolume.com,Agender,Maevatanana
Jennie,jkirkbride14@usnews.com,Female,Al ‘Ayzarīyah
Hazel,hscroggie15@cpanel.net,Male,Huangshanguan
Jacqueline,jgemson16@soup.io,Female,Singabarong
Billy,bwhillock17@howstuffworks.com,Male,Benevides
Quillan,qhunston18@discuz.net,Male,Kariya
Chrisy,cgradon19@posterous.com,Male,Fort Worth
Jami,jmcguinness1a@networksolutions.com,Female,Wuxi
Tucky,tabba1b@themeforest.net,Male,Dougou
Cassandra,cmordy1c@cdc.gov,Genderfluid,Amsterdam
Yurik,yknipe1d@virginia.edu,Male,Xiangshui
Alaster,alegassick1e@reference.com,Male,Fálanna
Kristofor,kpoytress1f@xinhuanet.com,Male,Xiongji
Orion,oscown1g@tamu.edu,Male,Pangatikan
Raul,rguarin1h@skype.com,Male,Xindian
Dukey,dfarrimond1i@symantec.com,Male,Kayangel
Patrick,pdosdill1j@dell.com,Male,Angoulême
Sheena,shanne1k@printfriendly.com,Female,Horta
Sargent,sadamson1l@google.cn,Male,Ronggui
Hazel,hbyford1m@example.com,Male,Toledo
Tierney,tladen1n@xing.com,Bigender,Jieyang
Paquito,pdives1o@rambler.ru,Male,Borova
Harley,hkohrs1p@acquirethisname.com,Bigender,Carvalho
Ravi,rkleint1q@jimdo.com,Male,Lešná
Eldin,estennett1r@jalbum.net,Male,Obertyn
Rudie,rshenley1s@examiner.com,Male,Lékhaio
Revkah,rfeatley1t@wufoo.com,Female,Gaogu
Joli,jderobert1u@e-recht24.de,Female,Ovacik
Pooh,pvery1v@wikipedia.org,Bigender,Lameira
Shelia,shazlewood1w@cnn.com,Female,Fontvieille
Normand,nreiling1x@ucoz.ru,Male,Kivijärvi
Brana,bmidner1y@eventbrite.com,Female,Milano
Sydelle,smcfadin1z@salon.com,Female,Yamaga
Alberto,aguittet20@si.edu,Male,Haokou
Kaia,klavalle21@ustream.tv,Female,Pingtang
Skye,sarnet22@ucoz.ru,Male,Dededo Village
Malcolm,mmallinson23@princeton.edu,Male,Huarong Chengguanzhen
Ty,toutridge24@discuz.net,Male,Trindade
Ethelda,ebirkby25@usnews.com,Agender,Itapicuru
Nadeen,ngallo26@examiner.com,Female,Dingqing
Karney,kscurrah27@loc.gov,Male,Mosina
Chan,csimco28@alibaba.com,Male,Līkak
Lewiss,lbugdell29@netvibes.com,Polygender,Vila Flor
Nefen,ndomerque2a@wordpress.com,Male,Tyler
Kaitlin,kborghese2b@mediafire.com,Female,Buenavista
Vivienne,vgabbott2c@dailymail.co.uk,Female,Huangtukuang
Kial,kstreets2d@phpbb.com,Female,Kagay
Shepherd,scanellas2e@columbia.edu,Male,Santa Nino
Rene,rminero2f@wsj.com,Male,Ḩukūmat-e Shīnkaī
Duff,dfranchyonok2g@usa.gov,Male,São Francisco do Conde
Leroi,lbartholomieu2h@elpais.com,Male,Ciseuseupan
Gregoire,gwheatcroft2i@mtv.com,Male,Grenoble
Charla,ccorrado2j@elpais.com,Female,Sala
Joshua,jlergan2k@constantcontact.com,Male,Handan
Mariette,mbiasotti2l@apache.org,Female,Konibodom
Margalo,mpledger2m@oracle.com,Genderqueer,Kidatu
Chrotoem,cbromidge2n@fc2.com,Male,Khamyāb
Inge,ialliott2o@irs.gov,Female,Novokuz’minki
Chrystal,cbinns2p@nps.gov,Female,Del Pilar
Warden,wdionsetti2q@xrea.com,Male,Tianyuan
Kare,kharriman2r@google.de,Female,Ubiaja
Jessica,jbladon2s@github.io,Female,Holguín
Meagan,mvisco2t@aol.com,Non-binary,Plalar
Nelli,nitzkov2u@cnbc.com,Female,Lojigawaran
Cullin,cmorais2v@about.me,Male,Fresno
Erastus,ecrewes2w@intel.com,Agender,João Câmara
Jordanna,jlively2x@nih.gov,Female,Kurnāz
Vic,vtyzack2y@vkontakte.ru,Male,Rio Claro
Kordula,kflintoff2z@hibu.com,Female,Łaziska Górne
Bobbette,bshinn30@vimeo.com,Female,G‘azalkent
Fabien,fkondratenko31@youtube.com,Male,Butigui
Giselbert,gokelly32@amazon.com,Bigender,Rājo Khanāni
Ludwig,llergan33@furl.net,Male,Rautalampi
Aimee,ahulks34@sbwire.com,Female,Filiátes
Glori,ggutowska35@studiopress.com,Female,Achiaman
Angus,askures36@over-blog.com,Non-binary,Dongning
Chrissie,ccranstone37@seattletimes.com,Female,Muan
Larissa,lbrough38@g.co,Female,Qacha’s Nek
Elton,ebeesey39@youtu.be,Male,Utmānzai
Kristos,kpeaseman3a@networksolutions.com,Male,Montpellier
Tabbitha,thassekl3b@tinypic.com,Female,Bergen
Manny,mrenackowna3c@paginegialle.it,Male,Karangparwa
Ermentrude,epackwood3d@canalblog.com,Non-binary,Lorient
Erica,ekittredge3e@delicious.com,Genderfluid,Walenrang
Dehlia,dimlin3f@paypal.com,Female,Hudson Bay
Lanette,lgrigorescu3g@google.co.uk,Female,Bato
Janek,jriccardo3h@washingtonpost.com,Male,Orange
Dill,dkobelt3i@youtu.be,Male,Agdzhabedy
Krispin,kmaccoughan3j@networksolutions.com,Male,Kogon
Arvie,apendrich3k@360.cn,Male,Tsagaanders
Alaine,ahaskett3l@tripadvisor.com,Female,Carrigaline
Miller,mwais3m@nationalgeographic.com,Male,Laguna Limpia
Romona,rhaye3n@redcross.org,Female,Yunfeng
Ellery,elackney3o@state.gov,Male,Thakhèk
Keenan,kmcmylor3p@is.gd,Male,Bagroy
Cyb,cartingstall3q@booking.com,Female,Weifen
Enrica,eurrey3r@qq.com,Female,Tsivil’sk
Land,llamberto3s@house.gov,Male,Smokvica
Hendrick,hsaward3t@dailymotion.com,Male,Sosnovaya Polyana
Roch,rivel3u@tiny.cc,Non-binary,Anse Royale
Dana,dbygott3v@mediafire.com,Male,Lendangara Satu
Aurora,abentz3w@icio.us,Female,Glagahdowo
Blair,bstredder3x@jugem.jp,Male,Castelo de Vide
Fern,fhindmore3y@walmart.com,Female,Mospyne
Julia,jsuddock3z@tamu.edu,Agender,Pho Duc
Immanuel,ireddyhoff40@freewebs.com,Male,Nguru
Marcie,mmanuele41@surveymonkey.com,Female,Nantes
Jaclyn,jroloff42@cam.ac.uk,Female,Xiema
Genevieve,gdigginson43@ebay.co.uk,Female,Laojunpo
Venita,voakley44@amazonaws.com,Female,Zavetnoye
Svend,sdumper45@sohu.com,Male,Zeqin
Zerk,zkinde46@usa.gov,Genderqueer,Carepa
Tadeas,tjackett47@linkedin.com,Male,Qingtaiping
Marcus,mshedden48@facebook.com,Male,Barrinha
Anette,asquier49@eepurl.com,Female,Tieba
Ethe,eyorkston4a@oracle.com,Male,Asan-Maina Village
Bobby,bbulfoot4b@mysql.com,Female,Kraaifontein
Isabel,imacvean4c@smh.com.au,Female,Imtarfa
Jarrad,jabsolem4d@nymag.com,Male,Boto
Glenna,gcowely4e@icq.com,Female,Kuta
Noelyn,nmedcalf4f@imageshack.us,Female,Dongxin
Rafaelia,rhelmke4g@artisteer.com,Female,Lago dos Rodrigues
Alic,adreng4h@google.com,Male,Lameira
Hieronymus,hcossor4i@usnews.com,Male,Chixi
Si,sgabbidon4j@wikipedia.org,Male,Zamora
Christoph,clarne4k@time.com,Male,Sobrosa
Irv,iblackhall4l@wikipedia.org,Male,Maswa
Teresa,ttween4m@engadget.com,Female,Abéché
Gabey,gcannaway4n@dagondesign.com,Female,Sam Phran
Nickey,ndibden4o@va.gov,Male,Cotabambas
Geneva,gamiss4p@phpbb.com,Female,Hennenman
Rollie,rlysaght4q@slashdot.org,Male,Wangjiang
Hyacintha,hkay4r@wired.com,Female,Acobambilla
Sharla,syushankin4s@ihg.com,Female,Myitkyina
Terry,tgrishagin4t@xrea.com,Male,Bolilao
Almire,aeggleson4u@dell.com,Female,Novogireyevo
Georgetta,godda4v@51.la,Female,Teberda
Amity,abrasted4w@ameblo.jp,Female,Solna
Blanche,bcodner4x@baidu.com,Female,Kítsi
Kristien,kstuther4y@dot.gov,Genderqueer,Luobei
Pattin,pgladdis4z@upenn.edu,Male,Cilangla
Blinny,bemslie50@goo.ne.jp,Female,Yangjiapo
Marja,morht51@eventbrite.com,Non-binary,Pindamonhangaba
Wernher,wdack52@jigsy.com,Male,Songea
Jarvis,jmacnelly53@sun.com,Male,Tam Kỳ
Nikaniki,nbladesmith54@va.gov,Female,Löddeköpinge
Ambrose,aluciano55@bluehost.com,Male,Baojia
Leoline,lsikorski56@google.com.au,Bigender,Casal do Relvas
Cara,cfosberry57@chron.com,Female,Lenningen
Allin,afelgat58@cafepress.com,Male,Wenxing
Codie,coneill59@opera.com,Female,Tit Mellil
Bran,bahmed5a@lulu.com,Male,Nogent-le-Rotrou
Averil,amarson5b@vimeo.com,Female,Liulin
Netty,nesparza5c@reuters.com,Female,Sanrao
Birgitta,bsewter5d@creativecommons.org,Female,La Jagua de Ibirico
Jayson,jpedersen5e@npr.org,Polygender,Lopar
Alicea,acullum5f@creativecommons.org,Female,Toila
Cleve,ccattermole5g@acquirethisname.com,Male,Sarulla
Ikey,ipostlethwaite5h@reuters.com,Male,Kosikha
Denver,dglasman5i@intel.com,Male,Sandakan
Henri,hfarron5j@last.fm,Polygender,Beixinjie
Ruddie,rjonuzi5k@miibeian.gov.cn,Male,Haligue
Merill,mjaggard5l@wordpress.com,Male,Wakema
Colas,crame5m@howstuffworks.com,Male,Cililitan
Germaine,growat5n@usnews.com,Male,Krajan
Cathlene,clemmen5o@hp.com,Female,Clearwater
Pip,ppepi5p@google.cn,Male,Jingchuan Chengguanzhen
Phyllida,pcuttell5q@dion.ne.jp,Female,Lille
Brandtr,blesor5r@prweb.com,Bigender,Wenci
Ruperto,rmityushkin5s@drupal.org,Male,Tukums
Benetta,bswyre5t@tuttocitta.it,Female,Pastores
Angelia,awillbraham5u@walmart.com,Female,La Unión
Parker,pseaman5v@naver.com,Male,Suwałki
Elysha,efulcher5w@netvibes.com,Female,Zavitinsk
Jordanna,jreimer5x@prweb.com,Female,Radišići
Ethelin,elorenz5y@blogtalkradio.com,Female,Sunan
Hadley,hedington5z@icq.com,Male,Bira
Elvira,eskelhorne60@webmd.com,Female,La Gacilly
Cacilia,clindeman61@cloudflare.com,Female,Sirnasari
Margette,mply62@vistaprint.com,Female,‘Afīf
Loy,lmartinho63@blinklist.com,Male,Aba
Dominic,dcullinan64@a8.net,Male,Samara
Gabbie,gmateiko65@ask.com,Non-binary,Santa Ana
Humfrey,htulloch66@diigo.com,Male,Banjar Desa
Isabella,istollmeier67@sfgate.com,Genderqueer,Boise
Sheffy,sbortol68@oaic.gov.au,Male,Izbicko
Dexter,dstobbart69@pbs.org,Male,Shanshu
Juliet,jwatsonbrown6a@oakley.com,Bigender,Ipameri
Meridith,mtomsett6b@usnews.com,Female,Badagry
Alexei,amordacai6c@nifty.com,Male,Pueblo Nuevo
Adrienne,aeslemont6d@sfgate.com,Female,Pimentel
Boniface,bcostain6e@amazon.co.jp,Male,Mangas
Rubin,rwaleran6f@biglobe.ne.jp,Male,Gabi
Keefe,kloadman6g@weebly.com,Male,Margahayu
Ronnica,rflawn6h@ihg.com,Female,Portland
Donnell,deasson6i@jalbum.net,Polygender,Weitang
Coletta,ctaks6j@ed.gov,Female,Qiligang
Devonne,dburns6k@imgur.com,Genderqueer,Huolianpo
Dominga,dvansaltsberg6l@uiuc.edu,Female,Hetou
Tuckie,tlittell6m@nhs.uk,Male,Kamphaeng Phet
Freida,fnewham6n@toplist.cz,Female,Belmopan
Pavia,pturvey6o@networksolutions.com,Female,Toufang
Aimil,athurber6p@techcrunch.com,Female,Lavaltrie
Buddy,bnares6q@globo.com,Male,Zhenkou
Eddy,egarbott6r@webmd.com,Female,Causwagan
Laurence,lmckee6s@jugem.jp,Male,Krzemieniewo
Christy,chowsden6t@usgs.gov,Male,Aelande
Kristina,kmawson6u@meetup.com,Female,Zhongchuan
Niki,niwanczyk6v@miibeian.gov.cn,Male,Oliveira
Ancell,acoon6w@nih.gov,Male,Rusocice
Sanson,sjeness6x@nytimes.com,Male,Bradashesh
Beltran,bantrobus6y@tripadvisor.com,Male,Haugesund
Lou,lvanelli6z@arstechnica.com,Female,Tongtuan
Isa,ivest70@yahoo.com,Male,Uppsala
Vi,vwilford71@amazon.co.jp,Female,Fuwen
Clemente,cphilipsson72@facebook.com,Male,Yong’an
Beth,btanfield73@fc2.com,Female,Fafe
Lonni,lskyrme74@adobe.com,Bigender,Hartola
Mora,mgorwood75@fastcompany.com,Genderfluid,Cibeureum
Broderick,bmcmurtyr76@elegantthemes.com,Male,Levashi
Clive,ckrout77@fda.gov,Male,Hutou
Brnaba,bwant78@ameblo.jp,Male,Susanino
Lucie,lwickmann79@pcworld.com,Female,Sarany
Dionne,damphlett7a@dyndns.org,Female,Yonggu
Concettina,crivelin7b@discovery.com,Genderqueer,Caocun
Charlie,cbello7c@phoca.cz,Male,Cikuning
Farr,fdurman7d@squidoo.com,Male,Ruilin
Haley,hbraxay7e@icio.us,Male,Khemisset
Baryram,bnano7f@earthlink.net,Male,Timiryazevskoye
Sheela,skillingback7g@mediafire.com,Female,Santa María de Jesús
Trudey,tmclafferty7h@slashdot.org,Female,San Rafael Arriba
Tucker,trowbottom7i@1688.com,Male,Huddinge
Theo,tgoodoune7j@senate.gov,Non-binary,Xomong
Gerik,gbulled7k@zimbio.com,Male,Belčišta
Leroy,lgatman7l@answers.com,Male,Castlebellingham
Aprilette,aappleyard7m@myspace.com,Female,Krajan
Donall,dsteynor7n@godaddy.com,Male,Igreja
Dugald,dgammade7o@mayoclinic.com,Male,Hengxizhen
Martainn,mscholard7p@nationalgeographic.com,Male,Skuratovskiy
Horatio,hsquibb7q@mapquest.com,Male,Alingsås
Hadleigh,hsumption7r@ibm.com,Bigender,Nambalan
Darell,dastbery7s@mediafire.com,Polygender,Beira
Elga,eetches7t@topsy.com,Female,Mizoch
Kordula,kburbridge7u@a8.net,Female,Carriedo
Bernetta,bdoogood7v@washingtonpost.com,Female,Sakai
Huntington,hbraiden7w@1688.com,Male,Foz do Iguaçu
Yul,ychattoe7x@barnesandnoble.com,Male,Göteborg
Maxwell,mmerwood7y@stanford.edu,Male,Jinghong
Jobyna,jcarless7z@google.es,Female,Gedongmulyo
North,nrobrow80@ihg.com,Male,Al Ḩudaydah
Ruttger,rbulstrode81@dion.ne.jp,Male,San Jorge
Francisco,fhearn82@cmu.edu,Male,Cullinan
Ashien,alusgdin83@disqus.com,Female,Melchor de Mencos
Pietra,pbodsworth84@wikispaces.com,Female,Nancy
Lorens,lsample85@jugem.jp,Male,Zhongzhou
Sibilla,sprevett86@accuweather.com,Female,Zhoukoudian
Bruis,bdugmore87@wufoo.com,Male,Gwoźnica Górna
Lanie,lelsby88@nps.gov,Female,Hikone
De,dfirebrace89@bbc.co.uk,Female,Nuyno
Christean,cwackly8a@geocities.jp,Female,Daba
Alyss,awillstrop8b@diigo.com,Female,Haparanda
Ravid,rcooper8c@apache.org,Male,Nevers
Tulley,tdesport8d@ft.com,Male,São Bartolomeu
Lesley,lselburn8e@dailymotion.com,Male,Głuchołazy
Johnette,jmateus8f@unicef.org,Female,Liang
Edie,eshalloe8g@netvibes.com,Female,Pijao
Jaimie,jmoorfield8h@xinhuanet.com,Female,Atlanta
Chastity,cbugden8i@usa.gov,Female,Aldana
Natka,ndowning8j@mlb.com,Polygender,Karobokan
Malcolm,mplenderleith8k@ed.gov,Genderqueer,Argasari
Camala,cpiggrem8l@google.com.hk,Female,Kalodu
Dulcia,dmakey8m@house.gov,Female,Jefferson City
Hewitt,hwillerson8n@globo.com,Male,Umunede
Herman,hcarragher8o@icio.us,Male,Kronoby
Klarika,kfugere8p@wikia.com,Female,São Borja
Kenton,komohun8q@sfgate.com,Male,Niihama
Arlan,amenauteau8r@behance.net,Male,San Roque
Antoni,ageely8s@hhs.gov,Male,Sitampiky
Delmore,dportugal8t@sciencedirect.com,Male,Sukasari
Dagny,dsharpous8u@scientificamerican.com,Male,Poá
Griffin,gansill8v@phpbb.com,Genderqueer,Yangqiao
Renault,rphettis8w@soundcloud.com,Male,Kýria
Phedra,pdewilde8x@slate.com,Female,Vilarinho
Eula,ecoaten8y@shop-pro.jp,Female,Jalapa
Cheri,cjanuszewicz8z@ehow.com,Female,Liandu
Eustace,eclose90@flavors.me,Male,San Pedro
Ahmad,aheasley91@moonfruit.com,Male,Mỹ Xuyên
Dasya,dhalse92@si.edu,Female,Villa Serrano
Winny,wyork93@mlb.com,Female,Pinar del Río
Bunny,banan94@walmart.com,Female,Quitilipi
Karole,kbarabich95@yahoo.com,Female,Nueva Italia
Bertha,bkesten96@unblog.fr,Female,Youxi Chengguanzhen
Cami,ctrayford97@ftc.gov,Female,Baylo
Mariellen,mduckham98@army.mil,Female,Shōbara
Barr,bahrend99@cafepress.com,Male,Ikot-Ekpene
Dode,dlinfield9a@sphinn.com,Bigender,Zagórnik
Sutherlan,sfranks9b@gravatar.com,Genderfluid,Shuangyuan
Merilyn,mwinsor9c@sitemeter.com,Female,Yuhang
Maximilian,mmccurley9d@exblog.jp,Male,Hāfizābād
Glenn,golivas9e@tamu.edu,Male,Cuijiamatou
Leon,lbraiden9f@ning.com,Male,Petrópolis
Theressa,tstolberg9g@google.ru,Female,Kashirskoye
Frazier,fwilliamson9h@google.co.jp,Male,La Eduvigis
Clari,ceasey9i@blogger.com,Female,Orlovskiy
Linzy,lhalksworth9j@fema.gov,Female,Pomiechówek
Hew,hsears9k@dell.com,Male,Nanton
Marika,mbilsford9l@over-blog.com,Female,União da Vitória
Mirabella,mfrain9m@1und1.de,Female,La Montañita
Madeline,mgurery9n@businesswire.com,Female,Ford
Arnoldo,abayliss9o@people.com.cn,Male,Gudja
Rice,rluttgert9p@weather.com,Male,Xinglong
Fraze,ftorritti9q@sakura.ne.jp,Male,Khasavyurt
Alene,acorlett9r@yahoo.co.jp,Female,Kuala Lumpur
Cole,cmark9s@multiply.com,Male,Mahaica Village
Gianni,gtaggart9t@usa.gov,Male,Logovskoye
Marcy,mturneaux9u@cnet.com,Female,Tuochuan
Alaric,alowe9v@hugedomains.com,Genderqueer,Xikou
Clarie,crentoul9w@xinhuanet.com,Female,Mayahi
Bradley,bbodycomb9x@123-reg.co.uk,Male,Izyaslav
Aurore,away9y@goodreads.com,Female,Seiça
Ula,umannering9z@netvibes.com,Female,Matayumtayum
Casper,cruprechtera0@npr.org,Male,Vale de Mendiz
Darcie,dclaringbolda1@naver.com,Genderfluid,Ustupo
Rabbi,rtregiana2@vkontakte.ru,Male,Chengtou
Adey,amclagaina3@theatlantic.com,Non-binary,Petaluma
Junina,jcastagnonea4@nasa.gov,Female,Stockholm
Grace,gwoolseya5@howstuffworks.com,Male,Kardzhin
Padgett,pblowersa6@hhs.gov,Male,Trikora
Jerrome,jtrewekea7@netlog.com,Male,Uppsala
Franny,fkarlea8@so-net.ne.jp,Male,Söderhamn
Dido,dgadiea9@nba.com,Female,Rudnyy
Auberta,adismoreaa@usnews.com,Female,Mayrtup
Brendis,bveryab@prlog.org,Genderfluid,Suwa
Isacco,ijinksac@artisteer.com,Male,Rouen
Reilly,rlavistead@earthlink.net,Male,Löddeköpinge
Agace,afrediae@amazon.de,Female,Ikeja
Bink,bkealyaf@360.cn,Male,Baoshi
Clotilda,cnewingag@rambler.ru,Female,Pinheiral
Karalee,ktorreseah@live.com,Female,Shangtang
Margaux,mbeetlesai@amazon.co.jp,Female,Tinampo
Mathian,mdufrayaj@accuweather.com,Male,Tsotsin-Yurt
Amabelle,ahapkeak@cdc.gov,Female,Hamada
Dietrich,dwickettal@nytimes.com,Bigender,Gabi
Garrik,gtolumelloam@ed.gov,Male,Gazanjyk
Cari,cpiccardan@amazon.com,Female,Zbiroh
Karolina,kmcclymondao@hao123.com,Female,Beixiang
Crin,cjuettap@slideshare.net,Female,Wan’an
Abe,arapieraq@ibm.com,Male,Fais
Thorny,tharrhyar@yandex.ru,Male,Bondokodi
Palmer,ppetfordas@washington.edu,Male,Vrilissia
Dav,desserat@artisteer.com,Male,Ladushkin
Mari,mfidoau@adobe.com,Female,Eskilstuna
Rebecka,rhammillav@msn.com,Female,Hexia
Brooke,bholdforthaw@freewebs.com,Female,Fenoarivo Be
Edouard,eerniax@utexas.edu,Male,Oebobo
Cordie,cmeneuxay@godaddy.com,Male,Outjo
Taber,tmintonaz@theguardian.com,Male,Berbérati
Selle,stibbitsb0@webs.com,Female,Thap Khlo
Maybelle,mmosedillb1@msn.com,Female,Carcassonne
Jania,jbantonb2@i2i.jp,Female,Olsztynek
Homere,hbaldockb3@ft.com,Male,Västerås
Selby,sledwitchb4@wp.com,Male,Przemyśl
Fidel,fsybeb5@tumblr.com,Male,Santa Lucía
Clementine,cmckeurtonb6@chicagotribune.com,Female,Tanjung Palas
Aldridge,alarkingb7@unesco.org,Male,Carayaó
Romeo,rfacerb8@hibu.com,Agender,Kukuluk
Ivan,ikinchleyb9@sciencedirect.com,Male,Churubamba
Gabbi,gjaggsba@wsj.com,Female,Mino
Orlan,osuttlingbb@xinhuanet.com,Male,Longsha
Sula,slahrsbc@usgs.gov,Female,Kanganpur
Sherlock,ssoutenbd@google.de,Male,Arauá
Kile,kimessonbe@histats.com,Male,Hajoho
Monah,mscreetonbf@booking.com,Female,Barong
Daryle,dpoddbg@histats.com,Male,Bantog
Siobhan,sbonifaciobh@seesaa.net,Female,Dalianhe
Laure,lhellwigbi@shutterfly.com,Female,Dagar
Derward,doglessanebj@rediff.com,Male,Qiying
Davida,djentinbk@bloglines.com,Polygender,Xilong
Tania,tchudleighbl@psu.edu,Female,New York City
Franz,fsturebm@vk.com,Male,Gornyye Klyuchi
Stefa,sbairdbn@howstuffworks.com,Female,Beishan
Josie,jmcelorybo@sfgate.com,Female,Taihe Chengguanzhen
Kinny,kriteleybp@hc360.com,Male,Ożarowice
Laverna,lverteybq@jigsy.com,Genderfluid,Shuhong
Arabelle,asimmondsbr@aol.com,Female,Corzuela
Filippo,fgooseybs@smugmug.com,Male,Bratislava
Joanne,jkarpbt@instagram.com,Female,Ehen Hudag
Gaye,gscrynebu@amazonaws.com,Female,Bol’shoye Skuratovo
Giff,gchopinbv@canalblog.com,Male,Kuanda
Hobey,hwarmingtonbw@japanpost.jp,Male,Abucay
Shane,smatisbx@sourceforge.net,Female,El Lolo
Stella,sgilhoolby@nature.com,Female,Sharīfābād
Rubetta,rduerbz@sohu.com,Female,Qinglin
Pattie,paselc0@bloomberg.com,Male,Jiuhua
Rustie,rpetraccoc1@sphinn.com,Male,Koygorodok
Carl,cdomanskic2@chronoengine.com,Polygender,Ágios Matthaíos
Tracie,tarnaldic3@nbcnews.com,Male,Gegu
Trevor,tdarwoodc4@addthis.com,Male,Kabasalan
Celestyna,cstartc5@barnesandnoble.com,Non-binary,Ostrów Mazowiecka
Taylor,tladlowc6@ucoz.ru,Male,Silveiros
Berkly,bmughalc7@4shared.com,Male,Saint-Gratien
Vikki,veagarc8@ft.com,Female,RMI Capitol
Jillene,jboxellc9@phoca.cz,Female,Uritsk
Joella,jhowseca@comcast.net,Female,Dalaba
Dominic,driggcb@umich.edu,Male,Itacorubi
Margareta,mcozinscc@skype.com,Female,Lakeland
Cal,csmurthwaitecd@thetimes.co.uk,Male,Luzhou
Silvano,sbegentce@ask.com,Male,Piritiba
Constantine,cradclyffecf@weebly.com,Female,Taojiahe
Barb,bcarlecg@berkeley.edu,Female,Tomohon
Burch,bpinchesch@microsoft.com,Male,Rosetta
Morissa,msketchleyci@un.org,Bigender,Guojiaba
Sela,sfidiliscj@hhs.gov,Female,Hällefors
Noland,nodoohaineck@51.la,Agender,Jijiazhuang
Johanna,jsalackcl@aol.com,Female,Brataj
Goran,glethbycm@altervista.org,Male,Huachos
Tedman,tbroadbearcn@quantcast.com,Male,Parada de Pinhão
Bride,bbannisterco@blogtalkradio.com,Genderqueer,Kaduna
Katti,korrellcp@ihg.com,Female,Bagani
Nollie,ndreossicq@wix.com,Male,Duy Xuyên
Barbara-anne,bgibsoncr@unesco.org,Female,Casal do Relvas
Neil,ncrockercs@posterous.com,Male,Tadabliro
Hana,hlauxmannct@privacy.gov.au,Female,Jingang
Alexine,afarmercu@nature.com,Female,Garoua Boulaï
Nessa,nboddycv@altervista.org,Female,San Angelo
Nikolia,ntudgecw@bbc.co.uk,Female,Formiga
Koenraad,kdearlecx@geocities.jp,Male,Irasan
Adelheid,aprestoncy@amazon.co.uk,Female,Shorko
Josiah,jguinesscz@hud.gov,Male,Banyutengah
Amye,agerreltd0@arstechnica.com,Female,Bastak
Marcel,mmcgloughlind1@list-manage.com,Male,Dafang
Goldarina,ggrassettd2@blogtalkradio.com,Female,Cabudare
Lawry,lcolbrond3@bravesites.com,Male,Baixi
Kora,kallchorned4@csmonitor.com,Female,Santo Ângelo
Riki,rgedged5@chronoengine.com,Female,Barbacoas
Pavlov,pdilkesd6@kickstarter.com,Male,Trondheim
Maddi,maaronsond7@i2i.jp,Female,Bromma
Roderick,rgeldertd8@statcounter.com,Male,Radovitskiy
Lee,lpepalld9@wix.com,Female,San Marcos
Boyd,bshakshaftda@weibo.com,Male,Cikijing
Gram,ggwinndb@biblegateway.com,Male,Chenguang
Patti,pduckworthdc@ftc.gov,Bigender,Efeng
Harri,hpechacekdd@ezinearticles.com,Female,Shangcunba
Savina,spettegrede@chronoengine.com,Female,Bartniczka
Rollie,rpretselldf@sciencedirect.com,Male,Candating
Munroe,mclausiusdg@hexun.com,Male,Avdzaga
Mellisa,mvostdh@google.ru,Female,Baisha
Brook,bcorzordi@engadget.com,Female,Vila Verde
Shelden,slilleymandj@google.nl,Male,Samoljica
Gabriela,gfradsondk@odnoklassniki.ru,Female,Brzeźnica
Stace,svitalldl@walmart.com,Bigender,Culacling
Ford,fgulstondm@nih.gov,Male,Uubulan
Evangelina,edaspardn@sourceforge.net,Female,Puputan
Novelia,nsolomonidesdo@ask.com,Female,Gahe
Free,fianittellodp@icio.us,Male,Tinambacan
Klaus,khellerdq@chron.com,Male,Sámi
Shari,srudsdaledr@wp.com,Female,Ciparay
Kellen,kfalconbridgeds@nyu.edu,Female,Caringin Lor
Jasen,jvedishchevdt@bravesites.com,Male,Kakamigahara
Melodie,mwallheaddu@myspace.com,Female,Cagdianao
Gaby,gsiggeedv@hao123.com,Male,Shantou
Rik,rgablerdw@about.com,Male,Siem Reap
Emlyn,eheitzdx@msu.edu,Female,Hangbu
Norman,nklimentdy@gov.uk,Male,Binafun
Fredelia,feyamdz@icio.us,Female,Hezhi
Kristina,kdelameree0@hao123.com,Female,Winong
Frankie,fsandellse1@reddit.com,Male,Aíyira
Chrotoem,cthaime2@wired.com,Male,Paranapanema
Goran,gbowese3@cafepress.com,Male,Glencoe
Denny,dmcbrydee4@google.fr,Female,Alagoinhas
Shurwood,shuffye5@qq.com,Male,Belung Satu
Elwin,elarhame6@histats.com,Male,K’anak’erravan
Ollie,okeppe7@linkedin.com,Female,Vera
Fey,fmurkitte8@cpanel.net,Female,La Peña
Lula,lmulvye9@shareasale.com,Female,Auriflama
Martita,mmccreaea@prlog.org,Female,Sozopol
Rodie,rmcfaydeneb@sbwire.com,Female,Lop Buri
Christi,cgheorgheec@cafepress.com,Polygender,Huzhuang
Essie,ehailsed@microsoft.com,Female,Daguma
Karolina,kskirvaneee@ft.com,Polygender,Pančevo
Bella,btregaskisef@google.fr,Female,Gjøvik
Suzi,sphelaneg@cyberchimps.com,Female,El Aguilar
Ferne,fcecereeh@ucoz.com,Female,Kálymnos
Graham,gdarkottei@admin.ch,Male,Guadalupe Victoria
Sianna,sgreedierej@indiatimes.com,Female,Castle Bruce
Dickie,drawlinek@barnesandnoble.com,Male,Cikondang
Rachelle,rmuehlerel@dyndns.org,Female,Rennes
Justina,jneilem@opensource.org,Female,As Sulayyil
Rob,rskoughen@nbcnews.com,Male,Giawang
Randy,rwickleneo@1und1.de,Female,Yushu
Nial,nsemonep@sbwire.com,Polygender,Dębowiec
Ann,ateidemaneq@skyrock.com,Female,Cinyasag
Toddie,tclementer@sogou.com,Male,Luoshui
Syman,scasselyes@blogtalkradio.com,Male,Arasji
Shelden,scolloffet@liveinternet.ru,Male,Zemun
Mada,mdeguiseeu@elegantthemes.com,Female,Skokovi
Herbie,hblakeyev@ft.com,Male,Yotsukaidō
Alic,aroydsew@istockphoto.com,Male,Mandal
Violette,vdandieex@loc.gov,Female,Lunsar
Fabian,fblackburneey@xrea.com,Male,Yên Lập
Corenda,cclemettez@instagram.com,Female,Lianhe
Clarissa,cminichillof0@tiny.cc,Female,Hushan
Sascha,spegdenf1@ibm.com,Male,San Antonio
Bernadene,bhawkf2@oaic.gov.au,Polygender,Ma Đa Gui
Lona,lbremmellf3@surveymonkey.com,Female,Xinli
Jermayne,jflanaghanf4@comsenz.com,Male,Catumbela
Edin,ehymerf5@webs.com,Non-binary,An Châu
Blythe,bgowansonf6@cdc.gov,Female,Santiago Vázquez
Lucia,lrymmerf7@reddit.com,Female,Rappang
Benn,byeseninf8@squarespace.com,Male,Yunshan
Tabbatha,tpinchbackf9@last.fm,Female,Kastsyukovichy
Oralia,odaunterfa@adobe.com,Female,Noramarg
Dukey,dpakemanfb@shutterfly.com,Male,Victoria
Cherrita,ctandeyfc@xing.com,Female,Eskilstuna
Marena,mstuddardfd@dailymail.co.uk,Female,Bella Unión
Mahmoud,mmccawfe@360.cn,Male,Panikihan
Merci,mpaunsfordff@arizona.edu,Female,Shitun
Fay,fdubockfg@utexas.edu,Female,Balinad
Georgeanne,gpetrenkofh@pcworld.com,Female,Thị Trấn Mường Tè
Montague,mjozseffi@webmd.com,Male,Krajandadapmulyo
Woodie,wspendleyfj@independent.co.uk,Male,Shevchenkove
Matilde,mdarnboroughfk@guardian.co.uk,Female,Etinan
Barn,buzzellfl@tinyurl.com,Male,Jiaotang
Gaspard,gkenanfm@comcast.net,Male,Ugac Sur
Amalie,amcconnultyfn@cam.ac.uk,Female,Beaverton
Jess,jderochefo@feedburner.com,Female,Palama
Kelcie,khowlandfp@fema.gov,Female,Jiaoqiao
Hewie,hkennefickfq@weebly.com,Male,Tanudan
Ken,krickerseyfr@issuu.com,Non-binary,Chefchaouene
Patin,possultonfs@friendfeed.com,Male,Castro
Freeman,faudreyft@utexas.edu,Male,Bakulong
Goldi,gvancastelefu@statcounter.com,Genderqueer,Changtan
Meridel,meustesfv@creativecommons.org,Non-binary,Tongren
Ethelbert,eleyrroydfw@ft.com,Male,Dingqing
Ingrim,iickeringillfx@tripod.com,Male,Nanggela
Payton,pdrysdalefy@ocn.ne.jp,Male,Hermosa
Trip,tbotterillfz@blogs.com,Male,San Juan
Inesita,ilegateg0@whitehouse.gov,Female,Concepción de la Barranca
Nick,ndemogeotg1@arizona.edu,Male,Sangmélima
Morgun,maldrittg2@gov.uk,Genderfluid,Göteborg
Zorana,zsewleyg3@friendfeed.com,Female,Turkestan
Pail,ppawlikg4@wordpress.com,Male,Matara
Markus,maguirreg5@paypal.com,Male,Governor’s Harbour
Jourdain,jpeironeg6@merriam-webster.com,Male,Whittlesea
Alvan,ariquetg7@artisteer.com,Male,Hepo
Sylas,sbrychang8@blogtalkradio.com,Male,Danilov
Gustave,ggroutg9@w3.org,Male,San Francisco
Verge,vradclyffega@businessinsider.com,Male,Ringinrejo
Eada,eduffitgb@zimbio.com,Female,Shibīn al Kawm
Rosa,rkneaphseygc@themeforest.net,Bigender,Linköping
Edie,etruscottgd@topsy.com,Female,Węgry
Danyelle,dsilvesterge@pen.io,Female,Kolkhozobod
Barris,bsparegf@jugem.jp,Male,Weitang
Kimberley,klongstreetgg@feedburner.com,Genderfluid,Moya
Evania,erampagegh@yahoo.com,Female,Otradnaya
Bette-ann,bsarfassgi@4shared.com,Female,Shizunai-furukawachō
Keenan,kdanilchikgj@tinyurl.com,Male,El Quiteño
Boonie,btatersalegk@yellowpages.com,Male,Wawrzeńczyce
Killie,kharbardgl@booking.com,Male,Cibungur
Teresa,tstonuarygm@yale.edu,Female,Fujieda
Artemis,agliddergn@google.com.au,Male,Sambongpari
Celine,checksgo@telegraph.co.uk,Female,Paris 09
Bobbie,bsheringtongp@dailymail.co.uk,Female,Biały Bór
Ulrich,unajeragq@nhs.uk,Male,Pinrang
Arni,ablewisgr@facebook.com,Male,Jianjun
Issiah,iwickeygs@networksolutions.com,Male,Fushan
Dorolice,dstaddomgt@fc2.com,Female,Muarabuliti
Stesha,sjurngu@wikipedia.org,Female,Magog
Vanny,vcobbledgv@ucoz.com,Female,Ketanen
Joyce,jpolycotegw@typepad.com,Female,Tapilon
Dael,dposselgx@sfgate.com,Female,Peuhaq
Thacher,tvallerinegy@clickbank.net,Male,Sidoger Lebak
Sukey,stamplingz@nps.gov,Female,Tysmenychany
Cazzie,cbendellh0@disqus.com,Male,Promyshlennovskiy
Tierney,tricardouh1@flickr.com,Female,Czerniejewo
Debee,dfawderyh2@slate.com,Female,La Virginia
Arnoldo,aputtonh3@yale.edu,Male,Dijon
Lindy,lkoseh4@sakura.ne.jp,Female,Galtek
Dagny,dweinerh5@github.com,Male,Sannois
Broderick,bbrunonh6@home.pl,Male,Jurangjero
Wini,wsarfash7@hud.gov,Female,Bozkow
Quent,qraysonh8@hud.gov,Male,Xushangqiao
Ian,ibloodwortheh9@utexas.edu,Male,Lýkeio
Pip,pdumingosha@ebay.com,Male,Pontian
Farrell,flazenburyhb@ted.com,Male,Lederaba
Cherise,clabeuilhc@freewebs.com,Non-binary,Jarānwāla
Dasya,dferrarottihd@dagondesign.com,Bigender,Wasilków
Cecile,clowseleyhe@1688.com,Female,Blažovice
Rufus,rraperhf@edublogs.org,Male,Andapa
Shell,storrenthg@accuweather.com,Male,Kärdla
Gifford,gabotsonhh@usgs.gov,Male,Shuangxiqiao
Johnathon,jhogginshi@dot.gov,Male,Luojiaping
Borden,bfolinihj@umich.edu,Male,Aral
Elia,esimcoehk@theatlantic.com,Genderqueer,Cullinan
Victoir,vjillionshl@cnbc.com,Male,Mocoa
Rolfe,rdennittshm@paginegialle.it,Male,Ganchazi
Orrin,olambertazzihn@wufoo.com,Male,Bogra
Gerhard,ghowickho@51.la,Male,Changdai
Garnette,gsargeaunthp@tamu.edu,Female,Norrköping
Lavinia,lbeckerhq@businessinsider.com,Female,Loma Bonita
Kristoffer,ksmewinghr@noaa.gov,Male,Khuma
Zaccaria,zhaimeshs@cdc.gov,Male,Wushan
Bernadene,bfinleyht@free.fr,Female,Zorgo
Wayne,wvaughtonhu@cocolog-nifty.com,Agender,Kimito
Carley,cbollamhv@nps.gov,Female,Selianítika
Paulette,ptilerhw@opensource.org,Female,Orzu
Lillian,lmorphethx@youtube.com,Female,Mechrá Belqsiri
Livvie,leyehy@flickr.com,Genderqueer,Sambirata
Dita,despinayhz@yale.edu,Female,Qīrah
Hamlin,hspurryeri0@jigsy.com,Male,København
Tuesday,tstudderti1@cocolog-nifty.com,Female,Mataquescuintla
Aubert,amackeei2@toplist.cz,Male,Saskylakh
Willette,wvarnalsi3@hexun.com,Genderqueer,Dongyu
Royce,rluciani4@scientificamerican.com,Male,Tanout
Fielding,fkohlermani5@acquirethisname.com,Male,Tharyarwady
Gratia,gbettesoni6@latimes.com,Non-binary,Kalawit
Berty,bcheakei7@phpbb.com,Female,Tangban
Mildred,mshercliffi8@bizjournals.com,Female,Yuqian
Clarance,crainyi9@irs.gov,Agender,Al Manshāh
Zackariah,zrendleia@parallels.com,Male,Mercedes
Terrence,tjeggoib@ning.com,Male,Masohi
Conant,cbradderic@psu.edu,Male,Tangzhai
Jaimie,juffid@bloglines.com,Male,Betania
John,jgunnyie@dell.com,Male,El Espino
Terence,tveldensif@hc360.com,Male,Vilcún
Lauraine,lthysig@skype.com,Female,Moreira de Geraz do Lima
Doris,dmcdugalih@geocities.com,Female,Les Abymes
Florette,fbramallii@cmu.edu,Female,Karangtawar
Elijah,enelaneij@jimdo.com,Polygender,Karobokan
Abel,apegrumik@gizmodo.com,Male,San Ramón de la Nueva Orán
Goober,gbestmanil@pcworld.com,Male,Tarasovskiy
Sharyl,slittletonim@macromedia.com,Female,Midleton
Averil,acearleyin@answers.com,Male,La Fortuna
Avrit,asmietonio@reverbnation.com,Female,Zhongdeng
Fiorenze,ffolliip@google.com.au,Female,Tebara
Ardys,alabatiq@godaddy.com,Female,Banān
Marjorie,mcamblinir@hc360.com,Female,Yamethin
Augie,achaffis@issuu.com,Male,Astypálaia
Rayshell,rgilhouleyit@uiuc.edu,Female,Blimbing
Franciskus,fquippiu@geocities.jp,Male,Oslo
Shandeigh,shenckeiv@ycombinator.com,Female,Buket Teukuh
Linet,lcastangiaiw@illinois.edu,Female,Curitiba
Tremain,tbuntenix@a8.net,Male,Itaituba
Teressa,tpaddeleyiy@ox.ac.uk,Female,Cihideung Satu
Lainey,lalpiniz@angelfire.com,Female,Świeradów-Zdrój
Lettie,lsalzburgj0@cdc.gov,Female,Zafar
Conan,cbrandsmaj1@mapy.cz,Male,Santo Niño
Flemming,fderbyshirej2@mashable.com,Male,Cali
Meridith,mpicklej3@privacy.gov.au,Female,Bograd
Beitris,bfowlsj4@xing.com,Female,Dewetsdorp
Corabel,cdurningj5@bbb.org,Female,Ishii
Rheta,rbaggottj6@nps.gov,Female,Bangkok
Rooney,roganj7@google.es,Male,Eido
Jacinta,jstorchj8@over-blog.com,Female,Uji
Simonette,scommonj9@google.es,Female,Jixing
Marlo,mlabetja@businessinsider.com,Male,Orléans
Sophia,sportigalljb@nih.gov,Genderfluid,Kiel
Tallou,tbladonjc@dailymail.co.uk,Female,Aloleng
Thedric,tdennistonjd@chron.com,Bigender,Mogapi
Fifine,fbraunje@altervista.org,Female,Gränna
Carmine,cbrombyjf@dagondesign.com,Female,Bobowo
Tallia,temeneyjg@google.pl,Female,Riyom
Christian,ctutherjh@java.com,Female,Kihurio
Cory,csterrieji@army.mil,Female,Panique
Glennie,gcaldwalljj@seesaa.net,Female,Dapdap
Chandler,cbompassjk@forbes.com,Male,Jianggezhuang
Elvira,ethewlesjl@ehow.com,Female,Synevyr
Norry,nandriulisjm@mit.edu,Female,Suḩayl Shibām
Hershel,hkopkejn@reference.com,Male,Raša
Bettye,bcullingworthjo@apple.com,Female,Oebobo
Benjamin,bbrickhilljp@exblog.jp,Male,Kasoa
Ernestine,ecasementjq@sphinn.com,Female,New York City
Archie,aheatleyjr@zimbio.com,Male,Hŭngju-dong
Aura,acleverleyjs@auda.org.au,Female,Xinquansi
Karoly,kslaymakerjt@fema.gov,Male,Sumberrejo
Laughton,lphilcottju@who.int,Male,Oslo
Dermot,dwreakesjv@ezinearticles.com,Male,Fullerton
Harriet,hwoollerjw@patch.com,Female,Askersund
Hunt,hgrimsdelljx@digg.com,Male,Passo Fundo
Liane,lgeachjy@ustream.tv,Female,Ganchazi
Yuri,ymarushakjz@bluehost.com,Male,Ruse
Albertina,ajimek0@over-blog.com,Female,Monte Novo
Monte,msalzenk1@youtube.com,Male,Tadjoura
Dare,dchastandk2@utexas.edu,Male,Woodford Hill
Hilliary,hsharpusk3@github.com,Female,Saint-Maur-des-Fossés
Jerrome,jgannicleffk4@vinaora.com,Male,Qinghu
Karla,kkuhnk5@aol.com,Female,Dazi
Isabel,iosemank6@elpais.com,Female,Aqtoghay
Wallas,wbabark7@4shared.com,Male,Quinta da Courela
Virgil,vluardk8@walmart.com,Genderqueer,San Miguel
Sonnie,slanktreek9@economist.com,Female,Bianzhuang
Natka,nmaccafferkyka@mtv.com,Female,Sangesi
Jocelyne,jskottlekb@uiuc.edu,Female,Gur’yevsk
Sidonnie,sallchornekc@1688.com,Female,Stockholm
Angy,asaywardkd@biblegateway.com,Genderqueer,Altanbulag
Alfonso,agartsydeke@reuters.com,Male,Santa Rosa
Denver,dharrissonkf@chronoengine.com,Male,Tres Unidos
Ross,rhawlgarthkg@vkontakte.ru,Male,Ōkawa
Adah,aconwellkh@nba.com,Female,Thị Trấn Yên Châu
Cyndia,cclariski@amazon.de,Female,Erdu
Melitta,mbowditchkj@fda.gov,Female,Kuleqi
Imogene,iblairkk@surveymonkey.com,Female,Zhougang
Laura,ltrevenakl@buzzfeed.com,Female,Halinów
Gill,ggudekm@cnbc.com,Male,Guozhuang
Minnaminnie,mhowenkn@delicious.com,Female,Épinal
Babbie,bpennymanko@sitemeter.com,Female,Lívingston
Liz,lthorogoodkp@samsung.com,Female,Lanzhong
Maurice,mreinhardkq@51.la,Male,Korets’
Caitrin,cbellochtkr@edublogs.org,Female,Etten-Leur
Jarib,jmeakerks@amazon.com,Male,Kuala Terengganu
Zorana,zgounetkt@pinterest.com,Female,Novikovo
Fanchon,fmccreaku@etsy.com,Female,Olinda
Lari,lsartinkv@salon.com,Female,Meiyuan
Annemarie,alundbechkw@archive.org,Female,Duifang
Dougie,dgermankx@webeden.co.uk,Male,Xichangmen
Lilyan,lkemberky@bigcartel.com,Female,Kassel
Adore,alacerkz@tamu.edu,Female,Qianjin
Theressa,tarsnelll0@tmall.com,Female,Puning
Stinky,smayol1@slate.com,Male,Mekarsari
Anabal,apeattl2@aol.com,Female,Xianlong
Billie,bwillowbyl3@prlog.org,Female,Bangkalan
Luce,lbroomerl4@washingtonpost.com,Genderqueer,Tuofeng
Pooh,pstychl5@trellian.com,Male,El Carmen
Irvine,iyewdalel6@blinklist.com,Male,Calle Blancos
Opaline,ocullinanl7@utexas.edu,Female,Media Luna
Hayley,hcaulcottl8@ftc.gov,Female,Sīnah
Mark,mconachyl9@freewebs.com,Male,Apeldoorn
Joella,jmadocjonesla@ezinearticles.com,Female,Timbrangan
Andrea,amckainlb@icio.us,Male,Rakhmanovo
Cyrillus,cdennicklc@e-recht24.de,Male,Petrokamenskoye
Curt,cwannanld@cdbaby.com,Male,Medina
Fawn,fwerendellle@facebook.com,Female,Kongsvinger
Buddie,bbartelllf@dmoz.org,Male,Njeru
Sandro,ssmallwoodlg@freewebs.com,Male,Stockholm
Anthia,aworvielllh@hubpages.com,Female,Labrador City
Emma,ebrendli@cam.ac.uk,Female,Évreux
Darbee,ddurganlj@odnoklassniki.ru,Genderfluid,Ballitoville
Irwinn,iwaddilovelk@4shared.com,Male,Corralillo
Gabey,gsweetmanll@ask.com,Female,Đông Thành
Tarah,tsapseedlm@utexas.edu,Female,Tvarožná
Melvyn,mbellochln@archive.org,Male,Yelets
Vachel,vscripturelo@baidu.com,Male,Calizo
Beilul,blathwelllp@hhs.gov,Female,Balabac
Emmott,ekunlq@shutterfly.com,Male,La Tigra
Dian,dcammislr@myspace.com,Female,Mezinovskiy
Fergus,fpinksls@japanpost.jp,Male,Verkhniy Baskunchak
Nicol,nhartshornlt@sakura.ne.jp,Male,Jinshan
Rowena,rlowleslu@un.org,Female,Pengjia Zhaizi
Gerrilee,gseyffertlv@cloudflare.com,Female,Ōmiya
Kacey,kkinceylw@google.com.au,Female,Tsinandali
Bard,blilleycroplx@usatoday.com,Male,Akonolinga
Fran,fwestwaterly@pen.io,Male,Longgang
Jonell,jnevelz@free.fr,Female,Nanmen
Terri,ttompkinsm0@paginegialle.it,Female,Pirojpur
Lynn,lhatliffem1@mashable.com,Male,Tikhvin
Shay,smellingsm2@myspace.com,Male,Thul
Jolie,jwilletsm3@vkontakte.ru,Female,Bamusso
Cymbre,cilchenkom4@adobe.com,Female,Shanhe
Lowrance,lshovelm5@aol.com,Male,Đức Phong
Frans,fboothjarvism6@over-blog.com,Male,Belsk Duży
Field,fnockallsm7@ustream.tv,Male,Rudy
Moina,mfletcherm8@seattletimes.com,Genderfluid,Wewit
Tymon,twartonbym9@fastcompany.com,Male,Napak
Addie,alynnittma@51.la,Male,Qinggang
Donia,dhannemb@who.int,Female,Karangsari
Vivianna,vmaundrellmc@dailymotion.com,Female,Tegallega
Town,tneymd@bluehost.com,Male,Nesterov
Silvan,sfowleme@aol.com,Male,Srunikrajan
Lanie,llagemf@people.com.cn,Female,Sundsvall
Burnaby,brattmg@vk.com,Bigender,Amiens
Adriane,adonoghuemh@virginia.edu,Female,Loreto
Robby,rigglesdenmi@arstechnica.com,Female,Soba
Portie,pbarltropmj@google.cn,Male,Aku
Faina,fbarrettmk@blogger.com,Female,Liancheng
Remus,rmaaseml@arstechnica.com,Male,Jixing
Alan,ahazzardmm@nih.gov,Male,Bayan
Hilliard,hvowlesmn@technorati.com,Male,Taketoyo
Daniella,dhalcromo@51.la,Female,Caigangan
Allsun,apozzimp@dedecms.com,Female,Tabu
Gasparo,glusheymq@house.gov,Male,Dagup
Kesley,kcattonmr@cnet.com,Female,Cahabón
Heinrick,hklosterms@cyberchimps.com,Male,Żelazków
Kalil,kkeyworthmt@parallels.com,Bigender,Doubrava
Morna,mdewanmu@walmart.com,Female,Shiliting
Herb,hdanforthmv@gizmodo.com,Male,Aioi
Teriann,tliliemw@networkadvertising.org,Female,Burunday
Emmery,eleborgnemx@omniture.com,Male,Richards Bay
Alric,alevenemy@seesaa.net,Male,Prince Edward
Ignacius,imeemz@delicious.com,Male,Krzeszów
Rodrigo,rfinen0@ow.ly,Male,Oenaik
Tedmund,tdemangeonn1@discovery.com,Male,Estaca
Darci,djennisonn2@joomla.org,Female,Şabrātah
Hogan,hpitkaithlyn3@apple.com,Male,Västra Frölunda
Judah,jshemwelln4@g.co,Male,Karlovy Vary
Nev,ncasacchian5@redcross.org,Polygender,Idfu
Ricki,rkeavesn6@soup.io,Male,Murfreesboro
Albertina,amackneisn7@bing.com,Female,Damatou
Jeremy,jpendalln8@amazonaws.com,Male,Bochum
Pru,pqueyosn9@addthis.com,Female,Tigaon
Drona,dradcliffena@smugmug.com,Genderqueer,Asprángeloi
Vinnie,vrealffnb@alexa.com,Female,Zehak
Ronda,rneildnc@deviantart.com,Female,Can-asujan
Charley,ctominind@dot.gov,Male,Lindavista
Abe,adelaeglisene@wikispaces.com,Polygender,Shilong
Patti,ptibbottsnf@mtv.com,Female,Darya Boyi
Marvin,mpryerng@theglobeandmail.com,Male,Naivasha
Tabbatha,tquinnettenh@quantcast.com,Female,Ash Shuyūkh
Adamo,afairebrotherni@jugem.jp,Male,Guarapari
Cosmo,chanbridgenj@opera.com,Male,Wugong
Odey,ofyldesnk@rambler.ru,Male,São Pedro do Estoril
Fulton,fbinksnl@unesco.org,Male,Pécs
Daven,dmatasnm@unesco.org,Male,Zoushi
Brittni,bbrodbinnn@ustream.tv,Female,Uijeongbu-si
Hadria,hnittino@cocolog-nifty.com,Female,Ituiutaba
Beverly,bcecinp@comcast.net,Female,Horvati
Jeannie,jyakushkevnq@live.com,Female,Mantes-la-Jolie
Ned,nivimynr@feedburner.com,Polygender,Guadalupe
Hube,hheitzns@china.com.cn,Male,Taozhuang
Astrid,amcgawnt@smugmug.com,Female,Jindu
Arda,amugenu@europa.eu,Polygender,Padre Burgos
Dore,dlepponv@gravatar.com,Female,Jhingergācha
Josie,jsarlnw@examiner.com,Female,San Jose
Parnell,pbeevisnx@sina.com.cn,Male,Rumyantsevo
Rock,rbetjeny@ca.gov,Male,Córdoba
Olin,odameiselenz@taobao.com,Male,Karakul’
Perice,panglino0@indiatimes.com,Male,Cassanayan
Monro,mchargeo1@java.com,Male,Qinhe
Rhianon,rrizzilloo2@eventbrite.com,Female,Balakasap
Rory,ringeritho3@weebly.com,Male,Pacho
Westley,wgreenhamo4@facebook.com,Male,Bangbayang
Isador,ipikesleyo5@nsw.gov.au,Male,Paris La Défense
Giustina,gkarslakeo6@free.fr,Female,Paris 08
Ernie,ebimsono7@ustream.tv,Male,Malax
Clo,cashmento8@walmart.com,Female,Barberena
Lenore,lettelso9@gov.uk,Female,Aix-en-Provence
Ibrahim,igalliardoa@boston.com,Non-binary,Krebet
Gradeigh,gdorranceob@desdev.cn,Male,Jiusi
Gaylor,grivlinoc@nih.gov,Male,Nanshui
Gregorio,goleksinskiod@studiopress.com,Male,Sangke
Kandace,kwrigleyoe@fema.gov,Female,Yamaga
Valentine,vjewerof@seattletimes.com,Male,Kuala Lumpur
Tammy,tearsmanog@com.com,Male,Chelyabinsk
John,jshoobridgeoh@de.vu,Male,Tosu
Avram,aharvettoi@google.it,Male,Esperança
Dilan,dcondictoj@paginegialle.it,Male,Pandangan Kulon
Cecile,cfenelowok@miibeian.gov.cn,Female,Martinlongo
Emmott,egiacopelool@ycombinator.com,Male,Mariposa
Harri,holdeyom@toplist.cz,Female,Bužim
Laurens,lhaselgroveon@tiny.cc,Male,San Agustin
Edd,emordantioo@amazon.de,Male,Valeirinha
Noelle,nsnellmanop@slideshare.net,Female,Charenton-le-Pont
Marlane,mnicholloq@jalbum.net,Female,Lovrenc na Pohorju
Fernando,fzahoror@whitehouse.gov,Male,Chaodi
Patrice,pgilsthorpeos@apache.org,Male,Krolevets’
Tait,todroughtot@columbia.edu,Male,Bangus Kulon
Vilma,vtunnowou@gnu.org,Female,Maanĭt
Garrott,gclooneyov@geocities.jp,Male,Rogachëvo
Brandice,bhollierow@g.co,Female,Tauranga
Gary,gguntripox@paypal.com,Male,Vashkivtsi
Farlie,fhintzeoy@vinaora.com,Male,Khong Chai
Roarke,rcausbyoz@eepurl.com,Male,Dolní Rychnov
Netta,nstanggjertsenp0@issuu.com,Female,Shibukawa
Leighton,lsimenotp1@bbc.co.uk,Male,Sampaio
Sharyl,srobertisp2@naver.com,Female,Vila do Maio
Cordi,cpresserp3@wordpress.com,Female,Tuchomie
Tabby,tsaichp4@amazon.co.jp,Male,Chulabhorn
Rozella,rbescobyp5@netlog.com,Female,Lamadelaine
Kane,kwestneyp6@google.cn,Male,Qukës-Skënderbe
Juliann,jlumsdenp7@php.net,Female,Podgornaya
Matelda,mhellcatp8@issuu.com,Female,Erdao
Eolanda,etemplemanp9@blinklist.com,Female,San Mariano
Austin,ahardmanpa@samsung.com,Female,Tangier
Debor,ddockerypb@microsoft.com,Female,São José de Ribamar
Ulric,uaxelbeepc@surveymonkey.com,Male,Las Palmas
Bertine,bcosslettpd@ask.com,Female,Oyem
Sophey,sduellpe@storify.com,Female,Rouen
Sandie,swadmanpf@alexa.com,Female,Pedra Azul
Ingaberg,ipryellpg@constantcontact.com,Female,Targowisko
Traci,tdyterph@uiuc.edu,Female,Ramana
Janice,jdiklespi@google.nl,Female,Verdizela
Hillard,hgarnsworthpj@trellian.com,Male,Kunčina
Donnie,dyitzovitzpk@naver.com,Female,Lenghu
Madelaine,mbourcqpl@t-online.de,Female,Mauhao
Cristine,cdriverspm@netlog.com,Agender,Lovas
Lawry,leyckelbeckpn@cbsnews.com,Male,Dopang
Zared,zvanyardpo@mlb.com,Agender,Jianshe
Sharai,solekhovpp@eventbrite.com,Female,Silab
Eve,elodwickpq@mayoclinic.com,Genderqueer,Darpas
Valentijn,vgidleypr@stanford.edu,Male,Kolokani
Corly,cmccreedyps@yandex.ru,Female,Ḩuwwārah
Reggie,rbindleypt@wsj.com,Female,Sel’tso
Chrissie,cenriquezpu@t.co,Male,Nal’chik
Glyn,gbremleypv@liveinternet.ru,Male,Armenokhórion
Karole,kgiacobbopw@behance.net,Female,Noemuti
Katrinka,kantonatpx@oracle.com,Female,Xihe
Meredith,mlafayettepy@yellowpages.com,Female,Mawa
Fran,fjenynspz@chicagotribune.com,Female,Shangma
Rebecca,rwacklyq0@google.es,Female,Colomi
Aurthur,aternq1@google.fr,Genderfluid,San José
Rafa,raughtonq2@meetup.com,Female,Venta
Staford,srablanq3@harvard.edu,Male,Těšany
Cariotta,ccrosterq4@phpbb.com,Female,Baton Rouge
Eada,eparsallq5@xinhuanet.com,Female,Khe Tre
Fletcher,fberrickq6@technorati.com,Male,Luleå
Debor,diddisonq7@ox.ac.uk,Female,Hangji
Clementine,chellwichq8@census.gov,Female,Arţās
Tyrone,tseiffertq9@bizjournals.com,Male,Francova Lhota
Ware,wturbatqa@lycos.com,Male,El Cobre
Marty,msantusqb@arstechnica.com,Male,Subulussalam
Lucio,lvonweldenqc@theglobeandmail.com,Male,Vojnić
Leshia,ldauberqd@columbia.edu,Female,Göteborg
Kevyn,kbernadotqe@springer.com,Female,Liuzuo
Aldus,aforteyqf@huffingtonpost.com,Male,Smętowo Graniczne
Daisi,dpirotqg@shareasale.com,Female,Moriguchi
Jerry,jlindenbluthqh@pcworld.com,Male,San Marcos
Alvy,awabbqi@cdc.gov,Male,Qinghaihu
Tiertza,tmarcomeqj@bloomberg.com,Female,Alangalang
Dewie,dgowryqk@dropbox.com,Male,Passa Quatro
Gratia,gdunksql@macromedia.com,Female,Nueva Arica
Oby,opringleqm@opensource.org,Male,Vysoké nad Jizerou
Ardelle,adendleqn@china.com.cn,Female,Yafan
Henrieta,hdegoeyqo@google.cn,Female,Aix-en-Provence
Farrel,fciccoqp@t-online.de,Male,Maia
Bren,bmabbittqq@t-online.de,Male,Padaan
Jasun,jmangamqr@surveymonkey.com,Male,Da’ao
Harriot,hschirachqs@angelfire.com,Female,Panxi
Al,aommanneyqt@reverbnation.com,Agender,Ar Rahad
Mace,mgawthorpqu@ucsd.edu,Male,Zābolī
Ludwig,lwoollerqv@skype.com,Male,Lantapan
Tess,tpointerqw@twitpic.com,Female,Hita
Bartolomeo,bwindsorqx@smh.com.au,Male,Sever do Vouga
Webster,wpounsettqy@woothemes.com,Male,Fengmu
Kala,ksunshineqz@amazonaws.com,Female,Huancaray
Fey,fshottonr0@github.io,Female,Diadema
Ava,awestoffr1@drupal.org,Female,Alcalá
Aguie,aprestier2@a8.net,Male,Cedar Rapids
Kirk,kmalliar3@hexun.com,Male,Long Thành
Winni,wfarnhillr4@berkeley.edu,Female,Daqingshan
Effie,eever5@g.co,Female,Saihan Tal
Archibold,abatsfordr6@imdb.com,Male,San Clemente
Rollins,rpigeramr7@mlb.com,Male,Xiangxiang
Daveta,dgandrichr8@hostgator.com,Female,Kadipaten
Otho,obrechinr9@1und1.de,Male,Xiniqi
Travers,tclemmettra@slideshare.net,Male,Kaliwates
Reggie,rhartlerb@lycos.com,Female,Gadon
Desmond,dmacgregorrc@soundcloud.com,Male,Zaječí
Cristiano,ccroyrd@hibu.com,Male,Três Coroas
Alix,atemplemanre@jimdo.com,Male,Aurora
Horace,hcalwellrf@google.ru,Male,Viesīte
Rollin,rbordessarg@histats.com,Male,Seynod
Winnah,wheinekerh@unblog.fr,Female,Oborniki Śląskie
Fritz,foosthoutdevreeri@bravesites.com,Male,Regnów
Trix,trittelmeyerrj@wunderground.com,Female,Bancal
Mano,mchinnockrk@twitter.com,Male,Dalupaon
Susan,spoleyrl@tamu.edu,Female,Ōtsu-shi
Duffie,dmonnellyrm@ted.com,Bigender,Jincheng
Yorke,yedgsonrn@goo.ne.jp,Male,Parumaan
Candice,cbescobyro@businesswire.com,Female,Ouro Preto do Oeste
Debi,dtemplarrp@list-manage.com,Female,Pueblo Nuevo
Myrlene,mpaolinirq@weebly.com,Female,Nglengkir
Jarad,jstaresrr@mozilla.org,Genderqueer,Xiaomenjia
