Atlante,aheaysman0@pagesperso-orange.fr,Female,Marmande
Devy,deric1@wp.com,Male,Anguil
Peggy,pdimberline2@pen.io,Female,Red Hill
Glyn,gkeiling3@ihg.com,Male,Louredo
Hogan,hwareing4@nhs.uk,Male,Dubrava
Nadean,nskirvane5@issuu.com,Female,Liboran
Morganica,mfillingham6@dyndns.org,Female,Skawica
Kathe,kbaldoni7@opensource.org,Female,Baie-Comeau
Osborn,odarkott8@parallels.com,Male,Adjumani
Hermie,hcreagh9@linkedin.com,Male,Vanderhoof
Shelley,sarchera@phoca.cz,Genderfluid,Voskhod
Chariot,cgoodlettb@hubpages.com,Male,Huangchi
Kermie,khulstromc@nih.gov,Male,Dordrecht
Joaquin,jcowderyd@123-reg.co.uk,Male,Chã
Ernestus,emuffene@webeden.co.uk,Male,Potchefstroom
Raleigh,rsnellingf@wikipedia.org,Male,Guacarí
Daria,dyanshing@reuters.com,Female,Tazouta
Malory,mbidderh@biblegateway.com,Female,Livramento do Brumado
Hynda,hdunsteri@lycos.com,Female,Karanganyarkrajan
Kizzie,kmcalinionj@cam.ac.uk,Female,Miaoquan
Barri,bmcfarlank@issuu.com,Male,Taipingchuan
Theodor,theighol@wix.com,Male,Mufushan
Dorey,dmackellenm@purevolume.com,Female,Oumiao
Andrej,ajouanetonn@dell.com,Non-binary,Malusac
Aldwin,apenburtono@github.com,Polygender,Tanjungpecinan Utara
Sander,sbuttreyp@edublogs.org,Male,Boise
Sascha,sshelfq@wikispaces.com,Male,Balin
Samuel,skiehlr@deliciousdays.com,Male,Gravataí
Bev,bstringmans@about.me,Male,Gaoshibei
Scott,sheedt@boston.com,Male,Zhongguan
Rudiger,rchallineru@ustream.tv,Male,Yihe
Cammy,ctapplyv@drupal.org,Male,Lodoyo
Merridie,mtodorw@goodreads.com,Female,Shiren
Kimberlee,krochellx@rediff.com,Female,Ust’-Labinsk
Jolynn,jschally@cmu.edu,Female,Bīleh Savār
Corny,cpattlelz@sohu.com,Female,Torrevieja
Alistair,akeegan10@toplist.cz,Male,Montpellier
Clarissa,chubane11@home.pl,Female,České Meziříčí
Gary,glording12@auda.org.au,Male,La Sarre
Nissa,ncatling13@timesonline.co.uk,Female,Poja
Sinclare,sgarlee14@sphinn.com,Male,San Buenaventura
Nettle,nliddiatt15@ehow.com,Female,Berlin
Sheff,ssedgmond16@intel.com,Male,Nashville
Harlin,hmargrem17@jigsy.com,Male,Girihieum
Nealon,ncawood18@gizmodo.com,Male,Soweto
Rosemonde,rlarkins19@alibaba.com,Female,Göteborg
Terri-jo,tbeincken1a@vistaprint.com,Female,Ōkawa
Correna,cstowell1b@time.com,Polygender,Nanxinxiang
Hally,hleavry1c@theglobeandmail.com,Female,Lagoa Santa
Farra,fspat1d@wikispaces.com,Female,Lidong
Lyn,lloughhead1e@pen.io,Male,Volokolamsk
Pietrek,ptrubshaw1f@apache.org,Male,Hepingjie
Nicky,nwardley1g@addtoany.com,Female,Gemo
Malvin,mbecom1h@archive.org,Male,Kalinovo
Claiborne,ckynman1i@vimeo.com,Polygender,Mieścisko
Ephrem,eklimkiewich1j@oakley.com,Male,Baing
Giulio,gstain1k@xinhuanet.com,Male,Eldama Ravine
Worden,wthirlaway1l@jimdo.com,Male,Troitsk
Siffre,sboatright1m@hubpages.com,Male,Hedong
Meyer,masbury1n@soundcloud.com,Male,Hanjiaji
Benyamin,bcarefull1o@who.int,Male,Lashio
Angelina,aroan1p@weather.com,Non-binary,Yudong
Cybil,cahlin1q@de.vu,Female,Olival Basto
Bronnie,bquenby1r@istockphoto.com,Male,Moriki
Ivor,isendall1s@yellowpages.com,Male,Bilyayivka
Elmira,ekyrkeman1t@tuttocitta.it,Female,Katrineholm
Noah,ntuison1u@java.com,Male,Issia
Peadar,pmynett1v@taobao.com,Male,El Kef
Dalston,dsommer1w@infoseek.co.jp,Male,Talcahuano
Tildi,tkolushev1x@ycombinator.com,Female,Chelgard
Lisle,lchalliner1y@unesco.org,Male,Skrunda
Jereme,jgarza1z@clickbank.net,Male,Fengshan
Geno,gmowsdale20@spiegel.de,Male,Sebegen
Allin,amoggach21@theguardian.com,Genderqueer,San Antonio
Christean,cashment22@msu.edu,Female,Jungkat Selatan
Jason,jbawle23@g.co,Male,Weixin
Sophia,sjahnel24@constantcontact.com,Female,Passos
Tanney,tipwell25@google.it,Male,Dengzishan
Alicia,aoppery26@elegantthemes.com,Female,San Carlos
Georgie,grigardeau27@surveymonkey.com,Male,Geyuan
Rosalia,rbater28@who.int,Female,Bluff
Brendis,byea29@gnu.org,Male,Rzozów
Leslie,lslowey2a@qq.com,Female,Novopavlovsk
Donelle,dmalby2b@chicagotribune.com,Female,Södertälje
Marcelia,mcathcart2c@yale.edu,Female,Norakert
Jordan,jpepon2d@mit.edu,Male,Hecun
Lonee,lgrzelak2e@netvibes.com,Female,Lamongan
Thomasine,tkoppe2f@springer.com,Female,Da’an
Tuck,tlobb2g@clickbank.net,Male,Maralal
Reg,rblanc2h@barnesandnoble.com,Male,Bakuriani
Morena,mpeer2i@shareasale.com,Female,Tobelo
Kaspar,kloins2j@nih.gov,Male,Tozeur
Alisander,acruse2k@etsy.com,Male,Lushnjë
Anne-marie,avoules2l@jalbum.net,Female,At Taḩālif
Kaylee,kteasell2m@salon.com,Female,Kosava
Manya,mtwiname2n@1688.com,Female,El Ángel
Helenelizabeth,hdumingos2o@goodreads.com,Female,Puro
Bambi,bmortlock2p@tiny.cc,Female,Avarua
Findlay,fharwell2q@mit.edu,Male,Beauharnois
Isaak,iharesign2r@opensource.org,Genderfluid,Grabów nad Prosną
Sybyl,sbirks2s@jalbum.net,Female,Potęgowo
Lyman,lchalcraft2t@etsy.com,Male,Na Chueak
Barrett,bcoping2u@google.com,Male,Limanancong
Avrit,adedenham2v@mtv.com,Female,Mukacheve
Carlotta,cferro2w@oracle.com,Female,Calangain
Debee,dnobles2x@japanpost.jp,Female,Fusheng
Robinet,rsandhill2y@army.mil,Female,San Antonio
Gaelan,gcartwright2z@phoca.cz,Male,Rancharia
Gerty,gmcgunley30@sogou.com,Female,Kotlovka
Florian,fbrumham31@360.cn,Male,Jerusalem
Lian,lcheyenne32@chronoengine.com,Female,Krasnyy Klyuch
Carlynn,cdurn33@vk.com,Female,Erada
Alexandra,akubu34@nps.gov,Female,Huilongshan
Marylinda,mmcclure35@furl.net,Female,Vilque Chico
Ninette,nsussex36@technorati.com,Agender,Zhangdun
Hillyer,hhargess37@comsenz.com,Male,Rossosh’
Vivianna,vtremain38@archive.org,Female,Mulyadadi
Carey,cfarish39@smh.com.au,Male,Matola
Wayne,whamper3a@google.fr,Male,Yinhedahan’er
Sara-ann,stourry3b@issuu.com,Female,La Caleta Culebras
Vere,vknighton3c@ox.ac.uk,Female,Ishimbay
Brewer,bkener3d@nba.com,Male,Mene de Mauroa
Belvia,bmckirton3e@mediafire.com,Female,Lianozovo
Junia,jiacovazzi3f@who.int,Polygender,Glogovac
Karolina,koxenford3g@stanford.edu,Female,Leer
Andee,aklazenga3h@marketwatch.com,Female,Lyubar
Nerty,nmenaul3i@state.gov,Female,N’dalatando
Alysa,agealle3j@clickbank.net,Non-binary,Mitaka-shi
Sheeree,sszabo3k@livejournal.com,Female,Meilin
Allegra,adwyer3l@dyndns.org,Non-binary,Ilinden
Ramona,rwebben3m@unesco.org,Female,Al Madīd
Kevina,kpovlsen3n@parallels.com,Female,Dhaka
Crichton,cgoslin3o@prnewswire.com,Male,Kuala Terengganu
Gabriell,gkeling3p@miibeian.gov.cn,Female,Huanggu
Corty,cscammell3q@blinklist.com,Male,Santo António da Charneca
Flore,fpulham3r@mit.edu,Polygender,Ushiku
Boniface,bstrangeways3s@ezinearticles.com,Male,Marseille
Gaven,gbroune3t@taobao.com,Male,Yelizavetinskoye
Flora,fmcdougle3u@state.gov,Female,Ruoqiang
Paulie,phouldcroft3v@admin.ch,Female,Morelos
Bobette,bwoodcroft3w@macromedia.com,Genderfluid,Xiali
Thibaut,tiannuzzelli3x@t-online.de,Male,Bao’an
Kellina,kaujouanet3y@nationalgeographic.com,Female,Aomori Shi
Hart,hscapens3z@example.com,Male,Shuangxiqiao
Blondell,bkirman40@squidoo.com,Female,Mutsu
Celestine,chalahan41@cpanel.net,Female,Ginir
Raven,rtweedle42@dedecms.com,Female,San Antonio de los Baños
Carce,cresun43@tumblr.com,Male,Ấp Tân Ngãi
Gretal,glauchlan44@pagesperso-orange.fr,Female,Cuauhtemoc
Albie,awinchcombe45@marriott.com,Male,Tubod
Melessa,mnoar46@google.fr,Female,Bailiang
Dick,dvillage47@dedecms.com,Male,Khon Kaen
August,anewall48@google.co.uk,Male,Ash Shaykh ‘Uthmān
Gualterio,gwinterborne49@geocities.jp,Male,Xinxiang
Conney,cgatfield4a@alexa.com,Male,Chinandega
Misti,mblackmuir4b@alexa.com,Agender,Xinan
Winn,wbilling4c@123-reg.co.uk,Male,Guisijan
Felicio,fburdytt4d@networksolutions.com,Male,Waikambila
Garek,gkiddie4e@apache.org,Male,Augustów
Baxy,bmcpeeters4f@goo.ne.jp,Male,Tangzang
Gabriele,gkruschov4g@prweb.com,Non-binary,Timiryazevo
Lorri,ldunstall4h@xrea.com,Female,Golek
Kip,khelian4i@ow.ly,Male,Immātīn
Tadeas,tpenton4j@telegraph.co.uk,Male,Fenglu
Katleen,kaseef4k@dailymotion.com,Female,Tonekābon
Shaun,sdeangelo4l@dyndns.org,Female,Tournon-sur-Rhône
Abby,ahaller4m@miitbeian.gov.cn,Male,Suita
Frederick,fmixter4n@prweb.com,Male,Jasugih Selatan
Nananne,ngumary4o@fotki.com,Female,Alurbulu
Herold,htrengrove4p@usgs.gov,Bigender,Changjiang
Bryanty,bkilpin4q@360.cn,Male,Lewolere
Kellen,kgorry4r@unesco.org,Female,Bang Len
Bobette,bogglebie4s@biblegateway.com,Female,Bauru
Nancie,ndoy4t@bbc.co.uk,Female,Cuenca
Tove,tsenyard4u@wsj.com,Female,Rathwire
Rozanne,rglamart4v@disqus.com,Female,San Isidro
Gratiana,ggavriel4w@admin.ch,Female,Santa Paz
Riane,rdargue4x@ucoz.com,Female,Coutances
Chip,crogliero4y@symantec.com,Male,Washington
Jud,jtranckle4z@rambler.ru,Genderfluid,Yishi
Samuel,sandreev50@nymag.com,Male,Fort Lauderdale
Wandis,wbacks51@opera.com,Female,Zhouzai
Josselyn,jslograve52@techcrunch.com,Female,Xinfengjie
Gardie,grydzynski53@github.com,Male,Mohelno
Kerrie,kkewley54@yelp.com,Female,Gununganyartambak Tengah
Kingsly,kboness55@google.de,Male,Munsan
Rickard,rmaccheyne56@dagondesign.com,Male,Damaishan
Kristopher,kpetford57@pcworld.com,Male,Nueva Loja
Raf,rsandy58@w3.org,Female,Notsé
Agustin,ajoust59@pagesperso-orange.fr,Male,Abaetetuba
Adena,atrobey5a@plala.or.jp,Female,Lubrza
Franny,fviles5b@apple.com,Male,Sidokumpul
Jakob,jgroveham5c@squidoo.com,Male,Quelimane
Alane,acunio5d@businessweek.com,Female,Jiangchuan
Quincy,qbiggadike5e@ask.com,Male,Bački Breg
Mathian,mkropp5f@dyndns.org,Genderfluid,Bayangol
Gracie,ghavik5g@dion.ne.jp,Female,El Porvenir
Pet,phewins5h@ycombinator.com,Female,Moulay Yacoub
Tonie,tmcguggy5i@stanford.edu,Genderqueer,Jinlong
Charla,chainge5j@plala.or.jp,Female,Moshkovo
Winfield,wvanderspohr5k@soundcloud.com,Male,Viñac
Taber,tciobutaro5l@ibm.com,Male,Ambulong
Prent,pjakeman5m@mapy.cz,Male,Jetis
Gilligan,gkyllford5n@ezinearticles.com,Female,Fažana
Nichol,nlemarchand5o@dion.ne.jp,Female,Pingqiao
Malanie,mudie5p@google.com.hk,Agender,Kaindy
Archie,aschirok5q@google.pl,Male,Ciparakan
Spence,skarslake5r@printfriendly.com,Male,Tapel
Nathanael,nilbert5s@last.fm,Male,Reims
Hamel,hshilton5t@omniture.com,Male,Bristol
Trudie,tpatman5u@house.gov,Female,Deauville
Pip,pmcclenaghan5v@bloomberg.com,Male,Qingshandi
Uri,ujellybrand5w@uol.com.br,Male,Týn nad Vltavou
Aldwin,aaspling5x@deviantart.com,Male,Surenavan
Romy,rlober5y@typepad.com,Female,Nart
Shalom,slathleiffure5z@mysql.com,Male,Casa Nova
Ollie,obinton60@histats.com,Male,Bolo
Marwin,mborges61@infoseek.co.jp,Male,Juegang
Randolf,rfist62@eepurl.com,Male,Washington
Valentin,vsconce63@senate.gov,Male,Weixing
Stephan,scritch64@mozilla.org,Male,Brooklyn
Brendon,bkollatsch65@cargocollective.com,Male,Suzëmka
Kylie,kwatman66@creativecommons.org,Female,Casais Baleal
Jacquetta,jwatts67@netvibes.com,Female,Kansas City
Itch,iullyott68@plala.or.jp,Male,Manjiang
Evangelin,eblogg69@foxnews.com,Polygender,Shatoujiao
Ronna,rsawood6a@ask.com,Female,Bojongsari
Cozmo,cingleson6b@wordpress.org,Male,Xiting
Rickard,rshallow6c@discuz.net,Male,Piedra del Águila
Broderic,belkington6d@umich.edu,Male,Xingxi
Darya,dhandley6e@si.edu,Female,Kopang Satu
Flory,fdonaher6f@google.com.au,Male,Pirajuí
Friedrick,flumly6g@example.com,Non-binary,Kano
Lauraine,lpisculli6h@oakley.com,Female,San Juan de Limay
Wrennie,wzanneli6i@storify.com,Female,Sabang
Isabelle,ilorans6j@blogger.com,Female,Bayaguana
Kristopher,kyurenin6k@yale.edu,Male,Aloja
Jennilee,jnizet6l@reuters.com,Female,Jalālābād
Tamra,twhapples6m@hud.gov,Female,Sebasang
Hildegaard,hsagg6n@constantcontact.com,Female,Paagahan
Ashton,arobertson6o@360.cn,Male,Varakļāni
Tadio,tpeller6p@merriam-webster.com,Male,Zhongchuan
Prent,pshiril6q@hud.gov,Male,Francos
Jania,jraftery6r@census.gov,Female,Yaizu
Edgar,ejenik6s@photobucket.com,Male,Nong Muang Khai
Lexie,lkippen6t@spotify.com,Female,Lingda
Julietta,jjudkin6u@ibm.com,Female,Groznyy
Shepard,slottrington6v@unesco.org,Male,Taiping
Meredeth,mswafield6w@wp.com,Male,Bellavista
Luciano,livain6x@blogtalkradio.com,Male,Panjing
Bennie,bnajafian6y@loc.gov,Female,Olofström
Evonne,epinnegar6z@youku.com,Female,Vasil’yevskiy Mokh
Darren,dschiesterl70@phoca.cz,Male,Alíartos
Andros,abarkworth71@marketwatch.com,Polygender,Nueva Manoa
Orv,owhinney72@cyberchimps.com,Male,Zalaegerszeg
Carissa,cpemberton73@cisco.com,Female,Stende
Eduino,erosoman74@aol.com,Male,Lyubokhna
Perry,ptavner75@myspace.com,Female,Tanjungbahagia
Emilio,epounsett76@goodreads.com,Male,Hostomice
Ode,obrunke77@usnews.com,Male,Ostojićevo
Mignonne,mgabbatiss78@indiegogo.com,Female,Daugavgrīva
Pepe,psambiedge79@xrea.com,Male,Melipilla
Merna,mardley7a@so-net.ne.jp,Female,Hushan
Cob,caxelbee7b@surveymonkey.com,Bigender,Sumberdadi
Bank,bmuller7c@bloomberg.com,Male,Đắk Hà
Yasmeen,yzanutti7d@ft.com,Female,Shijing
Elberta,ebader7e@forbes.com,Female,Buenos Aires
Pall,pwickson7f@a8.net,Male,Jindayris
Gnni,glakes7g@wikimedia.org,Agender,Pasirjengkol
Jackie,jmussared7h@indiatimes.com,Female,Santa Maria do Souto
Hortensia,hboyan7i@bbc.co.uk,Female,Hartford
Ciro,cdavidovic7j@phpbb.com,Male,Kukoboy
Gertrudis,gandroletti7k@hexun.com,Female,Henglishan
Camella,cyarnley7l@yellowpages.com,Agender,Odiong
Ricky,rpedler7m@slashdot.org,Non-binary,Dukhovnitskoye
Robers,rbrigdale7n@bizjournals.com,Male,Wobulenzi
Dulcinea,dchamberlin7o@gov.uk,Female,Longshe
Sven,swetherell7p@feedburner.com,Male,Rat Burana
Biddy,binnerstone7q@wunderground.com,Female,Chengji
Stavros,siveans7r@simplemachines.org,Male,Novi Travnik
Renate,rpitfield7s@cnet.com,Female,Xinjiezi
Robin,rblasing7t@abc.net.au,Female,Cascavel
Philippa,predmain7u@ow.ly,Polygender,Litvínov
Scot,selphinston7v@mozilla.com,Male,Alto del Espino
Iggy,imelesk7w@i2i.jp,Male,Omoku
Colan,cmorgan7x@google.cn,Male,Bima
Hatti,hlealle7y@ted.com,Female,Luziânia
Wolfie,wgreep7z@cpanel.net,Male,Barra do Piraí
Addison,ailling80@php.net,Male,Lloydminster
Sharron,swyrill81@shop-pro.jp,Female,Lérida
Shandee,slomasny82@yandex.ru,Female,Dukuh Kaler
Madelina,mmatevosian83@apache.org,Female,Olsztyn
Boone,bseabrooke84@bloglovin.com,Male,Mencon
Joye,jsames85@fema.gov,Female,Prislonica
Brennen,bblowes86@netlog.com,Male,Manwakh
Monro,mpiscopello87@goo.gl,Male,Kingston
Tiebout,tschaumann88@godaddy.com,Male,Abóboda
Hilly,hjennens89@typepad.com,Male,Kasingan
Thatch,tdando8a@rakuten.co.jp,Male,Kapotnya
North,nbeade8b@ocn.ne.jp,Male,Elmira
Jenelle,jcayford8c@tiny.cc,Female,Borzechów
Simona,scometti8d@w3.org,Genderqueer,Gachalá
Maurice,msealeaf8e@washingtonpost.com,Male,Pingling
Roderich,rgarland8f@dagondesign.com,Male,Bordeaux
Lev,lhollyman8g@boston.com,Male,Liuxia
Christophe,cmcvicker8h@jimdo.com,Male,Jixi
Devi,dolivi8i@techcrunch.com,Female,Corrientes
Dot,dskeene8j@rakuten.co.jp,Female,Ifanadiana
Ermina,eokeevan8k@topsy.com,Female,Xilaiqiao
Aime,aaasaf8l@ovh.net,Female,Xilin Hot
Rowena,rmarion8m@ihg.com,Female,Briteiros Santa Leocádia
Melicent,mburrus8n@omniture.com,Female,Francisco I Madero
Wynn,wandell8o@amazon.de,Non-binary,Cangqian
Hilarius,hrooson8p@cornell.edu,Male,Xianning
Lucas,lfosken8q@posterous.com,Male,Baiba
Nikolas,nkenson8r@g.co,Male,Chandler
Layne,lbeadnall8s@who.int,Female,Abha
Sloane,sfowlston8t@rakuten.co.jp,Male,Gubuk Daya
Mireielle,mboughen8u@zimbio.com,Female,San Agustin
Carmelina,charverson8v@surveymonkey.com,Female,Viana
Barbe,bkupker8w@xinhuanet.com,Female,Xinglong
Claudius,cparvin8x@statcounter.com,Polygender,Sukasetia
Genny,gcavaney8y@google.de,Female,Kultayevo
Aylmer,aphair8z@skyrock.com,Male,Quinchía
Merrel,mkybert90@ftc.gov,Male,Bernal
April,aubach91@hhs.gov,Female,Al Ḩazm
Alain,aleander92@newsvine.com,Male,Jingjiao
Gale,gshellard93@theglobeandmail.com,Male,Xiaoqi
Lise,lgarrard94@adobe.com,Female,Xiangcheng
Cad,csilwood95@seattletimes.com,Male,Dhamār
Remington,rrooney96@wix.com,Male,Dos Quebradas
Galen,gblissitt97@cornell.edu,Male,Banjaranyar
Leola,lrobbert98@cocolog-nifty.com,Female,Bejsce
Dody,dandreev99@marketwatch.com,Female,Marieville
Sven,snapper9a@unicef.org,Genderfluid,Muff
Byrann,bpepperell9b@omniture.com,Male,Shirochanka
Misty,mjeannet9c@furl.net,Female,Tentúgal
Catrina,cwoodford9d@salon.com,Female,Sepit
Rhianon,rboness9e@netscape.com,Female,Santo Tomas
Nathan,ndiggle9f@fotki.com,Male,Föglö
Muffin,msange9g@tiny.cc,Male,Daohe
Alexa,aredparth9h@berkeley.edu,Female,Sangongqiao
Modestia,mbeamish9i@hubpages.com,Female,Rive-de-Gier
Monte,msevers9j@ft.com,Male,Seattle
Logan,lburrett9k@lycos.com,Male,Juru
Tammy,tpeterson9l@gmpg.org,Male,Strellc i Ulët
Austin,astapels9m@exblog.jp,Male,Tahe
Borden,bziehms9n@google.it,Male,Matarraque
Lyssa,lwebborn9o@t-online.de,Female,Budakovo
Min,mkirdsch9p@networksolutions.com,Female,Kuala Lumpur
Halsy,hdigle9q@vistaprint.com,Male,Oxapampa
Gib,gpandie9r@economist.com,Male,Miskolc
Ariadne,asmedmoor9s@wiley.com,Female,Esperanza
Noll,nbernardot9t@fema.gov,Male,Potštát
Juline,jmartin9u@wired.com,Female,Ålesund
Maye,mkitto9v@tamu.edu,Female,Bílina Kyselka
Barnard,bseldner9w@xing.com,Male,Kuala Terengganu
Shirleen,shullot9x@purevolume.com,Female,Rudolfov
Lew,ltidder9y@flickr.com,Male,Ribeira Quente
Gil,gletham9z@bravesites.com,Male,Si Ma Cai
Giffard,gbistera0@ft.com,Polygender,Betong
Hasheem,hmarjota1@sbwire.com,Male,Zamboanguita
Brendin,bduleya2@columbia.edu,Male,Banjarkemuning
Craggie,cleavesa3@smh.com.au,Male,Pak Phli
Moina,mebdona4@berkeley.edu,Female,Cagdianao
Mohandas,mcockhilla5@jalbum.net,Male,Al Jaghbūb
Kenon,kflickera6@cloudflare.com,Male,Longuita
Davy,dwhiteheada7@phoca.cz,Male,Ayang-ni
Darcy,dworstera8@elpais.com,Male,Salinas
Renelle,rstanistretea9@earthlink.net,Female,Valença do Piauí
Sonnie,sburnyeataa@nature.com,Female,Wulijie
Alyson,aebrallab@twitter.com,Female,Shewopo
Eberhard,eanglishac@bbb.org,Male,Oenunu
Barnabas,bswindlehurstad@gizmodo.com,Male,Jubaoshan
Elsinore,eedesonae@omniture.com,Female,Bechyně
Ariella,astanelandaf@desdev.cn,Female,Gifu-shi
Nil,ndredgeag@fc2.com,Male,Columbus
Simona,scobelliah@dell.com,Female,Nowshera
Billi,bschafflerai@java.com,Female,Nam Kliang
Tess,tfumagalliaj@dell.com,Female,Kyegegwa
Silvain,spietrasikak@springer.com,Male,Cabean
Alister,abangheal@plala.or.jp,Bigender,Guanyinsi
Sanford,sschumacheram@addtoany.com,Male,Ágios Pétros
Kayle,kpappsan@ucoz.com,Female,Dualing
Kennett,kbattistaao@accuweather.com,Male,La Clotilde
Spence,snearyap@jugem.jp,Male,Ganquan
Sheeree,santoniaq@alibaba.com,Female,Al ‘Āqir
Daven,ddonaherar@multiply.com,Male,Mehrān
Alvis,abuckhamas@freewebs.com,Male,Kruisfontein
Jennette,jshafeat@github.com,Female,Tabon
Redd,rgunnau@springer.com,Non-binary,Sredno Konjare
Tatum,twillowbyav@feedburner.com,Female,Nyköping
Mandi,mjahnigaw@istockphoto.com,Female,Yucheng
Anson,ahonywillax@wix.com,Male,Pivijay
Gunther,gbecksay@hao123.com,Genderqueer,Huilong
Melessa,msilcockaz@trellian.com,Female,Karangwungu Lor
Susann,skilianb0@buzzfeed.com,Female,Dalsjöfors
Maddy,mpahlb1@indiegogo.com,Male,Listvyanskiy
Aguste,aniezenb2@delicious.com,Non-binary,Pushkino
Montgomery,mlabeuilb3@vinaora.com,Male,Jaleswar
Miles,mgajownikb4@yahoo.co.jp,Male,Luofang
Myca,mollarenshawb5@craigslist.org,Male,Funan Chengguanzhen
Randall,rzanninib6@discuz.net,Polygender,Leiden
Hal,hlampreyb7@stumbleupon.com,Male,Zaleszany
Madel,mstarcksb8@tamu.edu,Female,Motrico
Claribel,clunneyb9@nyu.edu,Female,Paris 08
Lynea,lvasilischevba@creativecommons.org,Female,Woodstock
Kalle,klittellbb@artisteer.com,Male,Yola
Heda,hmolloybc@cornell.edu,Female,Luodian
Paulita,pshakshaftbd@plala.or.jp,Female,Quintong
Quintana,qeatockbe@arstechnica.com,Female,Shunhe
Pietrek,psparkwillbf@simplemachines.org,Male,Krajan Bejagung
Adair,awarwickerbg@sciencedirect.com,Male,Knysna
Nicola,nwogdonbh@auda.org.au,Male,Tullyallen
Mahala,mgerblbi@cbslocal.com,Female,Chixi
Selena,scliftbj@wunderground.com,Genderqueer,Korolevo
Thomas,tmitfordbk@pen.io,Male,To’rtko’l Shahri
Curran,crothambl@biglobe.ne.jp,Male,Takanabe
Giavani,ggiroldibm@columbia.edu,Male,Zhangjiaji
Jedediah,jmaccallesterbn@wikimedia.org,Male,Fuvahmulah
Corey,cromeobo@aboutads.info,Male,Ciwidara
Camilla,coverstreetbp@sun.com,Female,Swift Current
Regan,rlangridgebq@nba.com,Male,Senador Canedo
Chiquia,ckinnochbr@youtu.be,Female,Glondong
Jackson,jhiscocksbs@hud.gov,Male,Kafr Zībād
Tiffie,tcoultonbt@indiegogo.com,Female,Dalo
Allix,arebichonbu@cocolog-nifty.com,Female,San Juan
Natividad,nmccomebv@kickstarter.com,Female,Tornio
Gerri,gantoniadesbw@desdev.cn,Male,Jiuxian
Caroline,cdehoogebx@yolasite.com,Female,Trenton
Hewet,hprofferby@google.cn,Non-binary,Honggang
Eileen,ehowelsbz@un.org,Female,Monte
Bernardine,bcorpesc0@oakley.com,Female,Xilian
Penrod,phackfordc1@nationalgeographic.com,Male,Onoda
Cyndie,cmcvitiec2@patch.com,Female,Pirapo
Cristine,crosebyc3@ustream.tv,Female,Zaozhuang
Laurent,lclampec4@techcrunch.com,Male,Villa Dolores
Alley,alopezc5@bandcamp.com,Bigender,Khānaqāh
Karisa,kstorekc6@newsvine.com,Female,Dostoyevka
Noami,ngollardc7@cnbc.com,Genderqueer,Waco
Kalina,kadrianic8@technorati.com,Female,Zhdanov
Erroll,eraubenheimc9@mac.com,Male,Hanyū
Ranee,rbrittonca@deviantart.com,Female,Xiaoying
Suellen,srowesbycb@tiny.cc,Female,Yangzhen
Lolly,leasuncc@telegraph.co.uk,Female,Mehar
Boyce,bvillagecd@state.tx.us,Male,Muurame
Bernelle,bmathivonce@jalbum.net,Bigender,Dhrosiá
Candy,cshambrookcf@nifty.com,Female,Coihaique
Port,prittmeyercg@usda.gov,Male,Tsyelyakhany
Loralyn,ldenisch@indiatimes.com,Female,Santulhão
Karie,kpuddinci@dmoz.org,Female,Quibdó
Essa,egellatelycj@vimeo.com,Female,Xinhua
Coraline,camosck@ustream.tv,Female,Cruz Alta
Norma,nrothchildcl@epa.gov,Female,Arauca
Anetta,asallcm@de.vu,Female,Kaom
Natalya,nquakleycn@bing.com,Polygender,Nancun
Oliy,osummerskillco@youtu.be,Female,Huanglong
Gerry,gvoelkercp@xing.com,Female,Tanshi
Pembroke,pkoeppecq@studiopress.com,Male,Kostrzyn nad Odrą
Garald,gcominscr@utexas.edu,Male,Rafael Hernandez Ochoa
Emlyn,elowrescs@salon.com,Female,San Buenaventura
Drucy,dnaldrettct@hao123.com,Female,Knežica
Merrielle,mharnesscu@forbes.com,Female,Santa Rosa de Cabal
Roz,rberstoncv@ox.ac.uk,Female,Venlo
Clemmy,cdrancw@wordpress.org,Male,Šimanovci
Gerianne,gclemsoncx@webmd.com,Female,Malāyer
Ethyl,esimenelcy@symantec.com,Female,Jinlong
Somerset,slouthecz@alexa.com,Male,Gulod
Morten,mbeered0@sbwire.com,Male,Lyantonde
Leola,lmacriried1@nature.com,Female,Tumen
Stephanie,serringtond2@eepurl.com,Female,Paracuru
Herbie,hyashaevd3@fc2.com,Male,Filiátes
Sylas,spicottd4@e-recht24.de,Male,Baro
Morrie,mhayworthd5@mysql.com,Polygender,Ariquemes
Wilhelmine,wmandresd6@wordpress.com,Female,Kuala Bhee
Hugh,hdobneyd7@google.co.uk,Male,Flores da Cunha
Siegfried,sslymand8@springer.com,Genderqueer,Stockholm
Leanna,lromayned9@wikimedia.org,Female,Zhutang
Spense,stimmsda@jiathis.com,Male,Liloy
Vanny,vhannandb@army.mil,Female,Venezuela
Annemarie,aharviedc@com.com,Female,Santol
Ezri,esandeydd@wikimedia.org,Male,Houston
Gerrie,gembrade@topsy.com,Female,Changning
Karlik,klindwasserdf@army.mil,Polygender,Huyuan
Domingo,dcottemdg@pen.io,Male,Klonowa
Niall,npullendh@ucla.edu,Male,Malawa
Garth,gbeerdi@weibo.com,Male,Calvão
Beatriz,boughtrightdj@theglobeandmail.com,Female,Popasna
Hobey,hmenchentondk@virginia.edu,Male,Nikopol’
Alicia,atorveydl@dailymail.co.uk,Female,Krajan Keboromo
Ev,eaudrydm@hugedomains.com,Male,Guaymango
Marlow,mmccererydn@geocities.com,Male,Anuling
Joy,jburniedo@yellowpages.com,Female,Shimen
Archy,aruledp@tiny.cc,Male,El Viejo
Quintina,qsilberdq@histats.com,Female,Matabao
Ker,kburtwistledr@paypal.com,Male,Irving
Annelise,ayouleds@sina.com.cn,Female,Palatine
Gwendolin,gtuttdt@themeforest.net,Female,Macun
Chelsie,cgodarddu@live.com,Female,Granja
Israel,ijasperdv@google.co.uk,Male,Monteros
Ralph,ratmoredw@myspace.com,Genderqueer,Abomey
Calley,cpizeydx@hugedomains.com,Female,Uji
Carver,cblackborowdy@domainmarket.com,Male,Xiaolou
Carling,challahandz@hugedomains.com,Male,Curahpacul Satu
Rochella,rhasarde0@google.com.au,Female,Tai’an
Di,dlindenbaume1@msu.edu,Female,Kota Kinabalu
Fannie,fcartwrighte2@networkadvertising.org,Female,Parada de Todeia
Tobin,tgoliglye3@squarespace.com,Male,Thị Trấn Tam Sơn
Sargent,satlinge4@xinhuanet.com,Male,Burunday
Madalena,mrevitte5@a8.net,Female,San Ramón
Son,sfugee6@geocities.com,Male,Morelos
Muriel,msofee7@symantec.com,Female,Usol’ye
Ada,acanteroe8@yahoo.co.jp,Female,Böhöt
Isabella,istowere9@salon.com,Female,Eira Nova
Hayden,hmaypesea@unesco.org,Male,Montigny-lès-Metz
Archy,aivatteb@ucoz.ru,Male,Lojejerkrajan
Richmond,rdivineyec@squarespace.com,Male,Yitang
Elysee,eheskinsed@surveymonkey.com,Female,Hezuoqiao
Joshia,jlloydwilliamsee@google.de,Male,Paola
Corny,caldredef@webmd.com,Polygender,Konga
Leah,lstrappeg@home.pl,Female,Deqing
Quinta,qdeneveeh@gnu.org,Female,Kasingan
Durant,dletteresseei@linkedin.com,Male,Mascote
Nicolle,nphantej@dion.ne.jp,Female,Verkhniy Baskunchak
Warner,wfairnieek@liveinternet.ru,Bigender,Qingping
Mikey,mdilstonel@un.org,Male,Studzienice
Reese,rspinageem@skype.com,Male,Potelych
Gianna,gwilkieen@chronoengine.com,Female,Jarabacoa
Darrell,dmajoreo@slideshare.net,Male,Haylaastay
Ardenia,aflipekep@marketwatch.com,Female,Putatbasiun
Madelina,mdilstoneq@state.gov,Female,Dadiharja
Darin,dvanderkruyser@spotify.com,Male,Guanbuqiao
Marita,mtreees@springer.com,Female,Dongqiao
Goldia,ghaggartyet@histats.com,Female,Ejidal
Cora,cegelleu@chronoengine.com,Female,Quinta do Sobrado
Tiffany,thowlingsev@bizjournals.com,Female,Hujiaying
Skippy,sghentew@mozilla.com,Male,Loum
Ludovika,losbaldestonex@arstechnica.com,Genderfluid,Kočevje
Adelind,afandrichey@reddit.com,Female,Tuofeng
Gayelord,gdorrianez@fda.gov,Male,Capiíbary
Delinda,dbrabenderf0@phpbb.com,Female,Devitsa
Dewie,dnicholsf1@msn.com,Male,Tegina
Arvie,abownassf2@telegraph.co.uk,Non-binary,Vicente Guerrero
Elsy,echatinf3@un.org,Female,Montgomery
Nathalia,nrosengrenf4@mapy.cz,Female,Maştağa
Faith,fofinanf5@oracle.com,Genderfluid,Kosan
Feliks,fohanleyf6@webnode.com,Male,San Rafael
Bradly,bheberdenf7@home.pl,Male,Néa Kíos
Brooke,bsnailhamf8@seattletimes.com,Female,Qalaikhumb
Keenan,kbibbf9@constantcontact.com,Male,Saihan Tal
Evaleen,emaccrawfa@redcross.org,Female,Pondoktelo
Nanice,ngodlipfb@tumblr.com,Female,Pasrukrajan Satu
Rickert,rhawefc@hubpages.com,Male,Le Cannet
Oswell,omateevfd@diigo.com,Male,Manika
Kyle,kgerauldfe@free.fr,Female,Keli
Tallulah,thuxterff@tripadvisor.com,Female,Charras
Emmie,egovinlockfg@newsvine.com,Female,Keumala
Inness,imaylamfh@de.vu,Male,Rublëvo
Miguelita,mtucknuttfi@cocolog-nifty.com,Female,Krupka
Adelina,ahurchfj@addtoany.com,Female,Kleszczów
Hollie,hpoggfk@princeton.edu,Female,Cholargós
Rudolfo,rhumanfl@mac.com,Male,Wólka Pełkińska
Phebe,pskellionfm@sun.com,Female,Goroka
Dinnie,draynefn@buzzfeed.com,Female,Rijeka
Neville,ncampaignefo@ycombinator.com,Male,Yaojiaji
Bernete,bbohmanfp@e-recht24.de,Female,Gusev
Maritsa,mhessingfq@github.com,Female,Vårby
Raeann,randresfr@buzzfeed.com,Female,Haikou
Kaila,kgaganfs@hao123.com,Female,Cam Lâm
Celka,cdrowsfieldft@studiopress.com,Female,Sémbé
Moira,mbuckenhamfu@slideshare.net,Female,Şuraabad
Dasya,dmitfordfv@imageshack.us,Female,Bassar
Ellsworth,eathridgefw@dell.com,Male,Cibeureum Kidul
Desmond,dbonyfx@sbwire.com,Male,Anibare
Uri,uquickfallfy@163.com,Male,Longtan
Siouxie,scamossofz@washingtonpost.com,Female,Anding
Earle,eblakelyg0@weebly.com,Bigender,Grabovci
Laverna,lmaccaughang1@ed.gov,Female,Chicoana
Glenn,gmcpakeg2@cbc.ca,Female,Uppsala
Rossie,rduinkerkg3@utexas.edu,Male,Sidomekar
Broddy,biglesiasg4@gravatar.com,Male,Angochi
Patrice,pbrunigesg5@taobao.com,Male,Ptghunk’
Leo,lmityakovg6@theguardian.com,Male,Tiyingtali Kelod
Cash,crizzettig7@nasa.gov,Male,Giyon
Maible,mokinedyg8@comsenz.com,Female,Gemo
Krisha,kalmang9@themeforest.net,Male,Kampong Speu
Guss,ggavozziga@google.it,Male,Jovellar
Ericka,ecarsberggb@spotify.com,Female,Uście Gorlickie
Aubine,amenguygc@pen.io,Female,Huaraz
Cortie,cbrodiegd@cocolog-nifty.com,Male,Maoping
Marne,mpennuzzige@linkedin.com,Female,Paccha
Gay,grechergf@ebay.co.uk,Male,Banisilan
Florina,flocksleygg@shutterfly.com,Female,Masma
Avigdor,apeachmentgh@csmonitor.com,Male,Askeaton
Rickert,rcastlakegi@lulu.com,Male,Sancha
Meggie,mpurveysgj@accuweather.com,Female,Rýmařov
Morse,mcambergk@apache.org,Male,Dobra
Colman,ccaccavarigl@liveinternet.ru,Male,Halmstad
Desmond,dwilborgm@indiatimes.com,Male,Bandhagen
Richmound,rlindblomgn@netlog.com,Male,Žlutava
Emmery,ewhannelgo@bing.com,Male,Matlang
Torrin,tmcenerygp@com.com,Male,Mernek
Arturo,atansliegq@japanpost.jp,Male,Agios Dimitrios
Cleo,chonywillgr@behance.net,Female,Si Prachan
Hernando,hellimangs@chronoengine.com,Male,Sakai
Morgen,mmephangt@unesco.org,Male,Marseille
Andie,apeepallgu@harvard.edu,Female,Nong Khae
Rooney,rofallongv@dedecms.com,Male,Anadia
Karna,kpaulsgw@angelfire.com,Female,La Colorada
Hendrik,htheobaldsgx@phpbb.com,Male,Aganan
Vanessa,vrickmangy@dedecms.com,Female,Bang Krathum
Nessa,nbirkwoodgz@devhub.com,Female,Librazhd-Qendër
Toma,ttremmilh0@time.com,Female,Pantano do Sul
Thatch,tballeh1@mit.edu,Agender,Mae Lan
Dominick,dpontinh2@twitpic.com,Male,Paucar
Alice,alelloh3@accuweather.com,Female,Amman
Rania,ryateh4@uol.com.br,Female,Hengfan
Wilona,wpoterh5@redcross.org,Female,Āq Qāyeh
Anders,abartolomeoh6@washingtonpost.com,Male,San Ignacio
Willetta,wskeinh7@merriam-webster.com,Female,Hancheng
Benoit,blujanh8@github.com,Male,Monte Leite
Kirbie,kbabidgeh9@guardian.co.uk,Female,Barraute
Darryl,dallotha@google.de,Male,Xinsheng
Ravi,rmuresshb@newsvine.com,Non-binary,Bosilovo
August,afarrarhc@technorati.com,Male,Castanheira
Tonye,tpaddyhd@histats.com,Female,Shangtian
Jillane,jbissekerhe@parallels.com,Female,Pupiales
Bastien,bkiffhf@google.it,Male,Gião
Chicky,cpetrozzihg@harvard.edu,Female,Mlimba
Rudy,rcooteshh@gizmodo.com,Male,Satinka
Creight,chearndenhi@hibu.com,Male,Mafang
Tammara,tegglesonhj@shop-pro.jp,Female,Muzhou
Nadean,nlanganhk@deviantart.com,Bigender,Bi’r al ‘Abd
Morganne,mcolbertsonhl@ibm.com,Female,Sunne
Dorelle,dfengehm@nps.gov,Female,Munturkaju
Crystie,cdurbanhn@marketwatch.com,Polygender,Piedras
Lonni,lsimonnotho@live.com,Female,Kesha
Hirsch,hrexworthyhp@yellowbook.com,Male,Rāmsar
Ramsey,rcribbinshq@va.gov,Male,Rejoagung
Lurline,lgadmanhr@state.gov,Female,Brinkmann
Idette,imeashamhs@ovh.net,Female,Xingtan
Vyky,vporkissht@thetimes.co.uk,Female,Piracuruca
Giorgi,gandrzejewskihu@merriam-webster.com,Male,Hengjian
Carmela,cjerischhv@miitbeian.gov.cn,Genderfluid,Svobody
Howie,hsaxtonhw@alexa.com,Male,Yläne
Cecilla,cgooderridgehx@loc.gov,Female,Pinggang
Hodge,hdeakeshy@wiley.com,Genderqueer,Moroto
Anders,atattershz@apple.com,Male,Meiyuan
Patty,pkrochmanni0@creativecommons.org,Male,Huohua
Berty,byeomani1@amazon.de,Female,Bayanbulag
Anatole,abennincki2@umn.edu,Agender,Lousado
Vivian,vtrigglei3@dion.ne.jp,Female,Karang Tengah
Sadella,storriei4@berkeley.edu,Non-binary,Nova Era
Mandel,mleggi5@tripadvisor.com,Male,Muskegon
Gladys,gscurfieldi6@qq.com,Female,Dabat
Maryjo,mseacrofti7@npr.org,Female,Thanh Chương
Nicky,ndaousti8@go.com,Female,Butigui
Birgitta,bclarsoni9@privacy.gov.au,Female,Seattle
Madelle,mbeardia@mysql.com,Female,Baldone
Lin,lbartleetib@vinaora.com,Male,Granja
Deck,dsiebic@jimdo.com,Male,Sandia
Jojo,jmontfordid@china.com.cn,Female,Shizunai-furukawachō
Gabriello,gclintonie@free.fr,Male,Poniklá
Galina,gsartainif@wsj.com,Female,Vidual
Ryan,rchekeig@macromedia.com,Male,Rijau
Nickolas,nletrangeih@symantec.com,Male,Koffiefontein
Claude,ckarchowskiii@mapquest.com,Female,Takanini
Cornie,cgregineij@mac.com,Male,Ryglice
Suzann,sbrickhillik@g.co,Female,Cesson
Patton,pbrimsil@bluehost.com,Male,Saint-Lô
Licha,liwaszkiewiczim@eepurl.com,Female,Balung Barat
Brier,bteeneyin@infoseek.co.jp,Female,Masiga
Codie,cwelchio@tiny.cc,Female,Borowno
Kiel,kbechip@instagram.com,Male,Yingtan
Jacquenette,jnaerupiq@imgur.com,Female,Carregueira
Anselma,ajorgir@nbcnews.com,Female,Nakhon Si Thammarat
Alric,aarbonis@amazon.com,Male,Vänersborg
Artemis,akunkelit@github.io,Male,Pospelikha
Aldus,acorleyiu@tuttocitta.it,Male,Nizhnyaya Omka
Kincaid,kgalfouriv@51.la,Male,Fundong
Hurlee,hsaphiriw@ovh.net,Male,Kalinovo
Desdemona,dkiehlix@reverbnation.com,Female,La Paz
Iggie,ilasseyiy@about.me,Male,Karangbenda
Corri,ckupkeiz@flickr.com,Female,Toktogul
Emmye,ehadcockj0@dell.com,Female,Meixi
Hannis,hobalj1@exblog.jp,Female,Berea
Dwight,dkimmincej2@bloomberg.com,Male,Zhushan
Emelda,ekastingj3@oracle.com,Female,Marihatag
Westleigh,wpoundfordj4@harvard.edu,Male,Xinhui
Ethelda,ebaddowj5@squidoo.com,Female,Yangce
Amble,agonnardj6@independent.co.uk,Male,Khorugh
Cate,ckippinsj7@huffingtonpost.com,Female,Palmares
Cyrille,cbrattanj8@amazonaws.com,Male,Serra
Arny,aboutellierj9@marriott.com,Male,Kidatu
Minta,mwilloughwayja@ed.gov,Female,Nantes
Christoph,cgawthropejb@51.la,Male,Abadiânia
Carole,coverilljc@blogspot.com,Female,Tirana
Editha,ewinmilljd@mit.edu,Agender,Tulsa
Sauveur,srodriguesje@nasa.gov,Male,Johor Bahru
Dorothee,dbladenjf@bloomberg.com,Female,Bonao
Shannon,schantjg@apple.com,Female,Dulce Nombre de Culmí
Maible,mperrigojh@cyberchimps.com,Female,Bongao
Axe,aseamanji@noaa.gov,Non-binary,Paris 01
Laurella,ldumberrilljj@infoseek.co.jp,Female,Horodyshche
Roze,rsnapejk@wsj.com,Female,Kuala Baru
Edithe,ehucjl@state.tx.us,Polygender,Vegreville
Val,vlittlekitjm@wunderground.com,Female,Montpellier
Jephthah,jpumphreysjn@harvard.edu,Male,Elektrėnai
Munroe,mfabrijo@theguardian.com,Male,Huayuan
Forbes,fbishjp@soup.io,Male,Stepojevac
Vergil,vothamjq@jiathis.com,Agender,Sap Yai
Irina,ibloxsomejr@abc.net.au,Female,Mulhouse
Nicky,nwrightsonjs@163.com,Male,Duanjia
Diarmid,dbattellejt@bbb.org,Male,Ocampo
Shalne,smacgianyju@who.int,Female,Maputo
Jocelyn,jbonomejv@slashdot.org,Female,Åkersberga
Michele,mtrunchionjw@weather.com,Genderfluid,Jayyūs
Sharai,sdwyrjx@trellian.com,Female,Čelinac
Minny,mtackjy@fda.gov,Genderqueer,Metapán
Lionel,lironmongerjz@businessinsider.com,Male,Parigi
Theadora,tconisbeek0@parallels.com,Bigender,Lipie
Marwin,msillettk1@cisco.com,Male,Shigou
Jaquelin,jtheodorek2@si.edu,Female,Årjäng
Eugene,enindk3@mac.com,Male,Kyegegwa
Henrietta,hborboroughk4@usgs.gov,Female,Indianapolis
Mae,mriehmk5@taobao.com,Female,Tikhvin
Biddy,bkeatleyk6@china.com.cn,Female,Tambo
Meara,mwhinrayk7@livejournal.com,Female,Chezhan
Kata,khaddlestonk8@cnn.com,Female,Sumberngerjat
Wallie,wspinkek9@vimeo.com,Male,Santa Barbara
Celine,cchurnka@apple.com,Female,Ostuncalco
Trixie,tdelphkb@cbc.ca,Female,Coris
Manolo,menrickc@fda.gov,Male,Callahuanca
Levi,lhammerbergkd@tinyurl.com,Male,Grebnevo
Margaretta,mgrettonke@feedburner.com,Female,Dhangarhi
Meara,mflescherkf@unicef.org,Female,Xinshi
Ted,tleballkg@bing.com,Male,Chugay
Clementius,cgribbenkh@meetup.com,Male,Lupon
Esra,ekilgroveki@yolasite.com,Male,Kopang Satu
Hoyt,hsilbermannkj@de.vu,Male,Qiqing
Iolande,iallardkk@yahoo.com,Female,Padangtikar
Milo,mgammellkl@earthlink.net,Male,Barrī ash Sharqī
Julian,jtrattonkm@chronoengine.com,Male,São Roque
Nolana,nmaclardiekn@google.com.au,Agender,Pinglumiao
Cherin,ccolingko@bravesites.com,Female,Ciudad del Este
Zsazsa,zmcduffykp@over-blog.com,Female,Herīs
Benedict,bhuygenskq@ed.gov,Male,København
Mile,mtwidalekr@epa.gov,Male,Złotów
Marcie,mabrahmoviciks@mozilla.com,Polygender,Jēkabpils
Godfree,gcastelijnkt@blogs.com,Male,Sonlit
Koenraad,kduffinku@utexas.edu,Male,Slatina
Dulcy,dkearneykv@examiner.com,Female,Kabul
Bernadine,bbreartonkw@amazon.com,Female,Boyeros
Lonnie,lcrudgintonkx@artisteer.com,Female,Urus-Martan
Ingeberg,ibertotky@reverbnation.com,Female,Ketanggi
Templeton,tmachentkz@tmall.com,Male,Aiquile
Phillie,pcrawfordl0@godaddy.com,Female,San Quintin
Montgomery,mrallingl1@china.com.cn,Male,Yamoto
Ellary,eprowtingl2@craigslist.org,Male,Caherconlish
Chick,cmorbyl3@tripod.com,Male,Tycheró
Elora,erawlingsonl4@spotify.com,Female,El Refugio
Daryl,dbalnavel5@illinois.edu,Male,Xietang
Orlan,opolleyel6@ovh.net,Male,Longhe
Krista,kwaghornel7@usatoday.com,Female,Vabalninkas
Lolly,lbonteinl8@admin.ch,Female,Inđija
Nickolai,nmesnardl9@canalblog.com,Male,Vila Boa do Bispo
Pepito,pteodorskila@nhs.uk,Male,Shiyuan
Stefan,smattiuzzilb@java.com,Male,Plužine
Charmian,chamorlc@seesaa.net,Female,Gaobeijie
Marquita,myeskinld@scribd.com,Female,Gulyantsi
Holmes,hkingwellle@rambler.ru,Male,Dajin
Eziechiele,eosmantlf@biglobe.ne.jp,Male,Yangxi
Berton,bpendrilllg@tripadvisor.com,Male,Emporeío
Lionel,lrheubottomlh@mayoclinic.com,Male,Żyraków
Lowrance,lwhewayli@shinystat.com,Male,Jinpanling
Ania,adrewelllj@flickr.com,Female,Diego de Almagro
Tallie,tfoldlk@yale.edu,Male,Jiapeng
Arnold,aadcockll@geocities.jp,Male,Niamtougou
Raleigh,rstrondlm@cornell.edu,Male,Cahuac
Dar,dsavinsln@amazon.de,Male,Sorang
Regan,rexelbylo@jimdo.com,Female,Dakoro
Kiri,kwalkingshawlp@fastcompany.com,Female,Tremembé
Petr,pfolkslq@vk.com,Male,Isaka
Monah,mdinnagelr@chron.com,Female,Menggusi
Marjie,mcolvinls@bbc.co.uk,Polygender,Buenavista
Lorette,lwildeylt@spiegel.de,Female,Batakte
Gaspard,gresidelu@go.com,Male,Melbourne
Wendeline,wtarneylv@umn.edu,Female,Armen
Sharai,sebbenlw@loc.gov,Female,Paseka
Fonzie,fcaddelllx@g.co,Male,Sukolilo
Lorine,lsilwoodly@edublogs.org,Female,Nandasmo
Sean,sstrangewayslz@umich.edu,Male,Disina
Sinclare,skampshellm0@msu.edu,Male,Masebewa
Anna-diana,amackessockm1@sfgate.com,Genderqueer,Muesanaik
Ragnar,rflowittm2@gmpg.org,Male,Wufeng
Barrett,bthorwarthm3@archive.org,Male,Luocheng
Claudette,cskirvingm4@simplemachines.org,Genderfluid,Tirhanimîne
Friedrich,fcockadaym5@bigcartel.com,Male,Hoeyang
Hersh,hbeetlestonem6@whitehouse.gov,Male,José Bonifácio
Albina,alangdridgem7@ask.com,Female,Ciwaru
Elvyn,etemlettm8@who.int,Male,Perstorp
Talbert,tsidebottomm9@taobao.com,Male,Ngancar
Teador,tabrahamowitczma@psu.edu,Male,Maae
Shannon,sliveleymb@51.la,Male,Castainço
Karim,kduffymc@photobucket.com,Male,Yong’an
Ripley,rphippsmd@merriam-webster.com,Male,Prínos
Cassie,chainsworthme@scientificamerican.com,Male,Tha Bo
Annadiane,aburfootmf@newsvine.com,Female,Sagay
Nevil,ngarwoodmg@wired.com,Male,Tsarychanka
Terri,titzcakmh@whitehouse.gov,Female,Vale Boeiro
Gillian,gcharplingmi@usnews.com,Female,Tatarbunary
Antonietta,airemongermj@plala.or.jp,Female,Liuduzhai
Sansone,stemplemk@360.cn,Male,Ufa
Allie,agoublierml@usgs.gov,Female,Piripiri
Allegra,alambardmm@un.org,Female,Watulumbung
Ive,igundrymn@dion.ne.jp,Male,Béziers
Tanitansy,tkempstonemo@sciencedaily.com,Female,Hongzhou
Carlos,chamnetmp@mtv.com,Male,Saraktash
Clovis,cbrackenburymq@tripadvisor.com,Female,Isniq
Amalia,atolussimr@blinklist.com,Female,San Isidro
Anton,adohmerms@fema.gov,Male,Shigou
Oliviero,osandevermt@mtv.com,Male,Ganquan
Aimee,ajedrzejewiczmu@prnewswire.com,Female,Cruzeiro
Gordy,gdunkerleymv@arstechnica.com,Male,Sáchica
Christan,ccolemw@princeton.edu,Female,Monkstown
Felizio,fprincemx@chronoengine.com,Male,Baiyashi
Elaine,ehalvosenmy@independent.co.uk,Female,Gemuruh
Lodovico,lhrycekmz@symantec.com,Male,Majan
Nico,nshelmardinen0@ucoz.ru,Male,Las Palmas
Gelya,ghawken1@yellowpages.com,Female,Huicheng
Ainslie,apouren2@tmall.com,Female,Rantau
Elia,ebilslandn3@ihg.com,Male,Kafr Qūd
Merwyn,mringen4@zimbio.com,Male,Mandala
Brooke,bmorandon5@icio.us,Male,Katoúna
Antonius,adaulbyn6@goo.gl,Male,Gómfoi
Lucille,llarmann7@amazonaws.com,Female,Khlevnoye
Robenia,rduplann8@vistaprint.com,Female,Broumov
Yasmeen,yfarrown9@google.com,Female,Lyon
Gran,gcoggerna@seattletimes.com,Male,Dili
Udale,udornannb@hostgator.com,Male,Paseka
Katleen,khinnersnc@ebay.com,Female,Klyuchevskiy
Carleen,cesomend@tinypic.com,Female,Gunungkoneng
Karlan,kscoreyne@guardian.co.uk,Male,Solna
Jasmina,jcolnetnf@tripod.com,Female,Druju
Lorilyn,lstadenng@qq.com,Female,Biên Hòa
Vittorio,vcoadynh@nps.gov,Male,Babirik
Julita,jdevonshireni@wordpress.org,Female,Dārchulā
Dorothee,djacobowitznj@bizjournals.com,Female,Santarém
Hastings,hoduggannk@time.com,Male,Jelisavac
Alysia,ahelleckasnl@trellian.com,Female,Curibaya
Cristi,cmugfordnm@java.com,Female,Saginaw
Nelli,nlefevernn@google.ru,Female,Buenlag
Elianore,ebeazeno@free.fr,Female,Burgos
Webb,wcomarnp@angelfire.com,Male,Santa Fe de la Vera Cruz
Nikolaos,nbaudaccinq@hatena.ne.jp,Male,Drochia
Dino,dgoldsberrynr@reddit.com,Male,‘Ajlūn
Steward,scodnerns@imgur.com,Male,Luoyuan
Antoine,aalldisnt@seesaa.net,Male,Baiyin
Chrystal,cthoumassonnu@geocities.com,Female,Paris 10
Torey,tvisenv@gmpg.org,Female,Villeneuve-sur-Lot
Gerik,gpibsworthnw@constantcontact.com,Male,Palaran
Otes,owhitneynx@vimeo.com,Male,Kapan
Thekla,tarnoppny@abc.net.au,Female,Gaoqiao
Lacie,lhewlingsnz@4shared.com,Agender,Yampil’
Noelani,nacocko0@rediff.com,Female,Raofeng
Eugenio,ebernardino1@geocities.com,Male,La Ensenada
Wyatt,wmulrenano2@spiegel.de,Male,Quimper
Dex,dgreveo3@printfriendly.com,Male,Pancas
Zilvia,zgillorano4@odnoklassniki.ru,Female,Gaoliban
Nessa,nmclellando5@edublogs.org,Polygender,Tokarnia
Shalne,slawlingso6@webmd.com,Female,Chechenglu
Debbi,dmattiolio7@house.gov,Female,Olszówka
Erik,eraxworthyo8@sakura.ne.jp,Male,Sumenep
Yul,ynelleo9@google.co.jp,Bigender,Adelaide Mail Centre
Jessalyn,jgiblettoa@yale.edu,Female,Xiamujiao
Leola,lgurgob@salon.com,Female,Kissimmee
Ennis,emerridayoc@cdbaby.com,Male,Volta Redonda
Lionello,ldobkinod@wisc.edu,Male,La Cruz
Lotty,lsalvatoreoe@dell.com,Female,Nanjing
Honey,hcurringtonof@virginia.edu,Female,Wuqiao
Mercedes,mcovinoog@psu.edu,Female,Iganga
Julietta,jmeneelyoh@opera.com,Female,Saint-Bruno
Tallia,tbremmeroi@shareasale.com,Female,Tyazhinskiy
Laurena,lhollowoj@dyndns.org,Female,Wangchang
Borg,bgossopok@nydailynews.com,Male,Gvozd
Fianna,fdurbridgeol@uiuc.edu,Female,Gangnan
Sammy,swhimpennyom@smh.com.au,Male,Dūāb
Elke,evasseron@cpanel.net,Polygender,Katoro
Ephraim,elivockoo@comcast.net,Male,Sanguansi
Alanah,aquixleyop@symantec.com,Genderqueer,Qarqaraly
Hugues,hburrisoq@craigslist.org,Male,Sibanicú
Derk,devensor@nba.com,Male,Winong
Shurlock,setchellsos@wordpress.org,Male,Qijiang
Abramo,aembraot@google.com.br,Male,Gedaliang
Carolee,cgomarou@skyrock.com,Female,Valladolid
Clerc,chawkswoodov@phoca.cz,Male,Várzea Grande
Esdras,eemersonow@bloglovin.com,Male,Miyazu
Kenny,keverleighox@amazon.co.jp,Male,Tremembé
Dita,ddavsleyoy@sun.com,Female,Fonte Boa
Hercule,hmarloweoz@craigslist.org,Male,Miaofengshan
Allin,amccriskenp0@sohu.com,Male,Vinha
Byron,bsayp1@ucoz.com,Male,Kalate
Daniele,dlevesleyp2@wordpress.org,Female,Pran Buri
Pammy,petockp3@time.com,Female,Hexi
Felike,fwainscoatp4@addthis.com,Male,Dežanovac
Nikolos,nborgnetp5@simplemachines.org,Male,Baguim do Monte
Lily,lbradmanp6@creativecommons.org,Female,Xiangzhou
Adolphe,apatyp7@vistaprint.com,Male,Sedlčany
Jecho,jpallisterp8@cafepress.com,Male,Iracemápolis
Virginia,vhowellsp9@reverbnation.com,Female,Dongchuan
Inga,ibroomerpa@psu.edu,Female,Maisí
Ambros,acasserlypb@youtube.com,Bigender,Saint-Dié-des-Vosges
Annadiana,aseniorpc@bigcartel.com,Female,Zarya
Shirlene,sgodboldpd@paginegialle.it,Female,Newark
Goraud,gcarlickpe@homestead.com,Male,Wojcieszków
Phyllys,prevanpf@prlog.org,Female,Bobadela
Allin,aeydenpg@cbc.ca,Male,Touying
Phillie,pjanikowskiph@i2i.jp,Female,Banjar Ambengan
Marjorie,makesterpi@bluehost.com,Female,Vasil’yevskiy Mokh
Marja,mwakefieldpj@springer.com,Female,eSikhawini
Gustave,grogeronpk@princeton.edu,Male,Ipoh
Napoleon,nbraddenpl@google.co.jp,Male,Mizoch
Kelcy,kvannoortpm@amazonaws.com,Female,Ursynów
Danny,dchristopherspn@mtv.com,Male,Bayanhongor
Laraine,lellsworthepo@flavors.me,Genderfluid,Gusau
Gael,gphipardshearspp@bloglovin.com,Non-binary,Zyuzino
Joelle,jhulburdpq@wikia.com,Female,Świebodzice
Shea,seakleepr@addtoany.com,Female,Seupakat
Clerc,cburreeps@bloomberg.com,Bigender,Su-dong
Elden,etynept@prnewswire.com,Male,Pecoro
Morris,mpitcaithleypu@hostgator.com,Male,Samparna
Jillana,jbaldinpv@cpanel.net,Female,Kajanan
Mackenzie,mdethloffpw@fc2.com,Male,Luga
Ailyn,amacgowingpx@ocn.ne.jp,Female,Luobei
Ludovika,lthorlbypy@ow.ly,Female,Zaoshi
Pail,podellpz@mtv.com,Male,Gelin
Katharyn,kvianq0@ucoz.com,Female,Madoi
Giralda,gmawfordq1@earthlink.net,Female,Kurye
Welbie,wfranciottiq2@comcast.net,Male,Dougou
Georgeanne,gboulderq3@unicef.org,Female,Sigaboy
Pieter,pwebenq4@merriam-webster.com,Male,Tapado
Gustavus,gdrohaneq5@amazon.com,Male,Baiyashi
Cal,chaugq6@so-net.ne.jp,Genderqueer,Młynary
Terencio,thenrionq7@gmpg.org,Male,Shakhun’ya
Laurent,lbradbeerq8@cbslocal.com,Male,Bahía de Caráquez
Drona,dpackhamq9@oakley.com,Female,Tapayan
Hagan,hiacoviniqa@google.ru,Male,‘Eilabun
Adoree,arufflerqb@dyndns.org,Female,Vostryakovo
Corabelle,cmarkieqc@chron.com,Female,Ábrego
Nickie,nattrillqd@latimes.com,Male,Newbiggin
Jess,jdennesqe@usgs.gov,Male,Trelleborg
Anthea,acramerqf@archive.org,Female,Byczyna
Tomi,tunsteadqg@apple.com,Female,Glazov
Geri,gandriolliqh@so-net.ne.jp,Male,Strängnäs
Shelli,sbrookesqi@hc360.com,Female,Stobreč
Ignaz,ikubicaqj@newsvine.com,Male,Calvário
Claybourne,ccrasswellqk@paginegialle.it,Male,Portela
Loretta,lfrickeql@slideshare.net,Female,Köping
Chrissie,ccharkqm@issuu.com,Male,Nanlu
Brietta,bgiblettqn@4shared.com,Female,Mīrpur Māthelo
Mella,moeneqo@tripod.com,Female,Quán Hành
Tyler,tstockneyqp@zimbio.com,Male,Khakhea
Teddy,tharwellqq@nhs.uk,Male,Itupeva
Viviana,vsawdyqr@themeforest.net,Female,Tigbaw
Camel,cfantinqs@squarespace.com,Female,Kosaya Gora
Meade,mpywellqt@dropbox.com,Female,Předklášteří
Jamal,jroylqu@shareasale.com,Male,Turka
Jesselyn,jbergstramqv@slate.com,Female,Tertek
Melicent,mbasshamqw@fastcompany.com,Female,Pateros
Goddard,gbergeauqx@blogger.com,Male,Canaries
Ferdy,ftuckleyqy@umn.edu,Male,Bafia
Alley,aladloeqz@comsenz.com,Male,Fukou
Celestia,cmandrer0@dell.com,Female,Minador do Negrão
Wynn,wbuncomber1@zimbio.com,Female,Quảng Yên
Carey,cpierrir2@netlog.com,Female,Haradzyeya
Lutero,lmedforthr3@netscape.com,Male,Luocheng
Karin,kfarishr4@baidu.com,Female,Skogås
Eveline,ehoofer5@ameblo.jp,Female,Ohrid
Wildon,wraulinr6@fema.gov,Male,Rizómilos
Niall,nshipperbottomr7@sphinn.com,Male,Xianlong
Daven,dnisetr8@fastcompany.com,Male,Stod
Birgit,brustmanr9@tripadvisor.com,Female,Nelidovo
Web,wheinrichra@hhs.gov,Male,Kemendung
Antoinette,ahegartyrb@networksolutions.com,Female,Yelenendorf
Andee,abaudinotrc@nsw.gov.au,Female,Ma’an
Claybourne,criggulsfordrd@stanford.edu,Male,Huai Yot
Caro,cradagere@stanford.edu,Female,Loures
Archy,agregolrf@nhs.uk,Male,Xunqiao
Edgard,eboaterg@usda.gov,Male,Győr
Zak,zlupsonrh@sfgate.com,Male,Limboto
Cassondra,cspainri@illinois.edu,Female,La Serena
Sayre,scorpsrj@apple.com,Bigender,Wrząsowice
Shayne,santuschrk@phoca.cz,Female,Kidatu
Lorilee,lreaderl@gravatar.com,Female,Saint-Pierre
Zane,zandrassyrm@msu.edu,Male,Zherdevka
Giorgio,gsarchwellrn@phoca.cz,Male,Banaybanay
Caro,craubenheimersro@drupal.org,Female,Chelu
Owen,ovalderrp@scientificamerican.com,Male,Mianay
Mahalia,mmikorq@epa.gov,Female,Monte Francisco
Theodoric,tludewigrr@blogtalkradio.com,Male,Curepipe
